"variable","true","true_t0","est_mean","est_min","est_max","coverage_90"
"beta_alpha",0.405465108108164,NA,0.384070700718,0.3690214226925,0.40180986571,0.4
"beta_nu_c",0.5,NA,0.46539717743125,0.43336221845,0.4989745982325,0.9
"beta_nu_intercept",1.3,NA,1.13331859900875,1.0667616795,1.174846854425,0
"beta_tau",0.23,0.2,0.23125568834025,0.2188505829975,0.244368015765,0.9
"beta_w",0.200670695462151,NA,0.3012698775825,0.2504478710125,0.3539827211875,0.1
"sigma_alpha_intercept",0.08,NA,0.090080239740575,0.0717693431675,0.10313544552625,0.6
"sigma_nu_c",0.3,NA,0.31017753384725,0.2532597177425,0.3742493656775,0.7
"sigma_nu_intercept",0.2,NA,0.2229049690485,0.1737533090275,0.2553230924675,0.8
"sigma_tau_intercept",0.0575,0.05,0.05601982983095,0.04854597745525,0.0646279863045,0.9
"sigma_w",0.25,NA,0.2536217635485,0.2038594626425,0.2959012932725,1
"w_pop_median",0.55,NA,0.5747060050315,0.5622665727525,0.58755628037,0.1
