"variable","mean","q5","q95","rhat","true","true_t0","rep","covered_90"
"beta_nu_intercept",1.105531375615,1.05551525,1.15469766,1.00093314985232,1.3,NA,1,FALSE
"beta_nu_c",0.458458701515,0.40936319,0.510213263,1.00818882167692,0.5,NA,1,TRUE
"beta_alpha",0.393474574915,0.37596352,0.4115276985,1.00292807053787,0.405465108108164,NA,1,TRUE
"beta_tau",0.235924718515,0.2240762775,0.247545168,1.0005140782606,0.23,0.2,1,TRUE
"beta_w",0.349268478285,0.288087449,0.413664648,1.0007081435887,0.200670695462151,NA,1,FALSE
"sigma_nu_intercept",0.23139725088,0.192637336,0.273517655,1.00040460805231,0.2,NA,1,TRUE
"sigma_nu_c",0.297358725705,0.25885331,0.3394834155,1.00110467765922,0.3,NA,1,TRUE
"sigma_alpha_intercept",0.09733104429875,0.08509232185,0.1112636775,1.0055794294356,0.08,NA,1,FALSE
"sigma_tau_intercept",0.057187762951,0.0480631605,0.0667277102,1.0001133500856,0.0575,0.05,1,TRUE
"sigma_w",0.2896704419775,0.2421725015,0.340815344,1.00148974957317,0.25,NA,1,TRUE
"w_pop_median",0.5864101275925,0.571527848,0.6019662665,1.00071566270592,0.55,NA,1,FALSE
"beta_nu_intercept",1.154187408175,1.111718465,1.19766146,1.00102235549777,1.3,NA,2,FALSE
"beta_nu_c",0.445979350205,0.382359091,0.507557193,1.00794750763603,0.5,NA,2,TRUE
"beta_alpha",0.375798927665,0.359655008,0.392138805,1.00489279568595,0.405465108108164,NA,2,FALSE
"beta_tau",0.2188505829975,0.206052748,0.231048484,1.00259524091017,0.23,0.2,2,TRUE
"beta_w",0.2797989882175,0.224660978,0.3367529335,0.999886775867313,0.200670695462151,NA,2,FALSE
"sigma_nu_intercept",0.1737533090275,0.1395430445,0.211538234,1.00256021175446,0.2,NA,2,TRUE
"sigma_nu_c",0.3742493656775,0.3296702255,0.425454771,1.00322614752875,0.3,NA,2,FALSE
"sigma_alpha_intercept",0.08952710452375,0.0776066033,0.102558263,1.00448869649179,0.08,NA,2,TRUE
"sigma_tau_intercept",0.0646279863045,0.0552805295,0.07502032215,1.00424471338387,0.0575,0.05,2,TRUE
"sigma_w",0.2422089827325,0.197842276,0.289845007,1.00105951131748,0.25,NA,2,TRUE
"w_pop_median",0.5694765884225,0.5559301935,0.583401559,0.999886794454735,0.55,NA,2,FALSE
"beta_nu_intercept",1.174846854425,1.12268277,1.22741195,1.00483002410468,1.3,NA,3,FALSE
"beta_nu_c",0.4779375169225,0.424318951,0.534317703,1.00747687319088,0.5,NA,3,TRUE
"beta_alpha",0.38989923741,0.3723999485,0.4070822105,1.00870602532721,0.405465108108164,NA,3,TRUE
"beta_tau",0.2303327124775,0.2184220395,0.2427251975,1.00170909532192,0.23,0.2,3,TRUE
"beta_w",0.3539827211875,0.2945979505,0.4118236775,1.00276883523111,0.200670695462151,NA,3,FALSE
"sigma_nu_intercept",0.2553230924675,0.2160208625,0.3000674175,1.00066950181014,0.2,NA,3,FALSE
"sigma_nu_c",0.310176105165,0.2719728125,0.3539082935,1.00600561886543,0.3,NA,3,TRUE
"sigma_alpha_intercept",0.10025949605725,0.08790994475,0.1139137915,1.00472174426597,0.08,NA,3,FALSE
"sigma_tau_intercept",0.059302142758,0.05058752145,0.0690120369,1.00336617421307,0.0575,0.05,3,TRUE
"sigma_w",0.2376469961775,0.191115314,0.28720162,1.00086443694495,0.25,NA,3,TRUE
"w_pop_median",0.58755628037,0.573121413,0.601525081,1.00279330019143,0.55,NA,3,FALSE
"beta_nu_intercept",1.118705843775,1.06773858,1.169686025,1.0022287999376,1.3,NA,4,FALSE
"beta_nu_c",0.4710912632575,0.412253869,0.5284459815,1.00458461034209,0.5,NA,4,TRUE
"beta_alpha",0.382365327725,0.368726469,0.3952501275,1.00178761104375,0.405465108108164,NA,4,FALSE
"beta_tau",0.23924582863,0.227081588,0.251241621,1.00018630574918,0.23,0.2,4,TRUE
"beta_w",0.2963069237075,0.242575019,0.3515101895,1.00376749853618,0.200670695462151,NA,4,FALSE
"sigma_nu_intercept",0.2343936560725,0.196852653,0.2752962545,1.00076852253858,0.2,NA,4,TRUE
"sigma_nu_c",0.343312503985,0.3020409295,0.3886068835,1.00183692502547,0.3,NA,4,FALSE
"sigma_alpha_intercept",0.0717693431675,0.062169021,0.08245528615,1.00166038114477,0.08,NA,4,TRUE
"sigma_tau_intercept",0.06171574000275,0.0529397736,0.0712029348,1.00072712241598,0.0575,0.05,4,TRUE
"sigma_w",0.228678675375,0.1840697725,0.2773566395,1.00127575258886,0.25,NA,4,TRUE
"w_pop_median",0.5735197290475,0.5603481235,0.5869837505,1.00376746687623,0.55,NA,4,FALSE
"beta_nu_intercept",1.0667616795,1.016031395,1.11815185,1.00134506362801,1.3,NA,5,FALSE
"beta_nu_c",0.43336221845,0.380736239,0.4850748445,1.0025378355828,0.5,NA,5,FALSE
"beta_alpha",0.3768405317325,0.360861125,0.39325148,1.003246397215,0.405465108108164,NA,5,FALSE
"beta_tau",0.2262341734075,0.215567274,0.2366716665,1.00059226854719,0.23,0.2,5,TRUE
"beta_w",0.296724380645,0.244872752,0.348989055,0.99977103312336,0.200670695462151,NA,5,FALSE
"sigma_nu_intercept",0.239223117615,0.202328834,0.2803515265,1.00021146572357,0.2,NA,5,FALSE
"sigma_nu_c",0.2933051747275,0.25683336,0.335372531,1.00307187435079,0.3,NA,5,TRUE
"sigma_alpha_intercept",0.08571401887775,0.07440164755,0.0980807441,1.00193781948554,0.08,NA,5,TRUE
"sigma_tau_intercept",0.0485970576945,0.04076644865,0.0575304577,1.00067546203852,0.0575,0.05,5,TRUE
"sigma_w",0.2038594626425,0.1602220235,0.2511148565,1.0008765384431,0.25,NA,5,TRUE
"w_pop_median",0.573623812975,0.560914114,0.5863724095,0.999771034082258,0.55,NA,5,FALSE
"beta_nu_intercept",1.16833846945,1.11971954,1.216875315,1.00061713467165,1.3,NA,6,FALSE
"beta_nu_c",0.4989745982325,0.444732862,0.5516396925,1.01637399200412,0.5,NA,6,TRUE
"beta_alpha",0.40180986571,0.385571696,0.418146447,1.00461784493599,0.405465108108164,NA,6,TRUE
"beta_tau",0.2273174513075,0.2157586535,0.238902726,1.00333180819168,0.23,0.2,6,TRUE
"beta_w",0.2504478710125,0.191910225,0.31132262,1.0006482107709,0.200670695462151,NA,6,TRUE
"sigma_nu_intercept",0.2235373082475,0.186237775,0.2662909615,1.00140074723709,0.2,NA,6,TRUE
"sigma_nu_c",0.32202027411,0.2835671395,0.366714133,1.00065041653849,0.3,NA,6,TRUE
"sigma_alpha_intercept",0.08837679460975,0.0772467352,0.1009060315,1.00521264868053,0.08,NA,6,TRUE
"sigma_tau_intercept",0.05767194644675,0.0490266229,0.06723008365,1.00119184362467,0.0575,0.05,6,TRUE
"sigma_w",0.26909972974,0.220990142,0.321304554,1.00254890553799,0.25,NA,6,TRUE
"w_pop_median",0.5622665727525,0.547830844,0.5772080665,1.00064818333047,0.55,NA,6,TRUE
"beta_nu_intercept",1.163156494825,1.11636809,1.210628455,1.0007594402537,1.3,NA,7,FALSE
"beta_nu_c",0.4870424617575,0.4340704295,0.5399775065,1.01380059433315,0.5,NA,7,TRUE
"beta_alpha",0.3795671928675,0.3613474295,0.397513783,1.0027045668625,0.405465108108164,NA,7,FALSE
"beta_tau",0.237719985375,0.227153895,0.247968739,1.00073524300015,0.23,0.2,7,TRUE
"beta_w",0.2618667008975,0.206078337,0.3188837665,0.999683688580716,0.200670695462151,NA,7,FALSE
"sigma_nu_intercept",0.2115055122925,0.175303678,0.2502093515,1.00068770793412,0.2,NA,7,TRUE
"sigma_nu_c",0.2935773151625,0.257503068,0.3335536715,1.00025975858653,0.3,NA,7,TRUE
"sigma_alpha_intercept",0.10313544552625,0.090758815,0.1182359945,1.00135855975824,0.08,NA,7,FALSE
"sigma_tau_intercept",0.04854597745525,0.0401341246,0.0573223584,1.00307435253477,0.0575,0.05,7,FALSE
"sigma_w",0.25394217271,0.2111301705,0.3018326235,0.999763708193976,0.25,NA,7,TRUE
"w_pop_median",0.565075958955,0.551338022,0.579052194,0.99968329277364,0.55,NA,7,FALSE
"beta_nu_intercept",1.14593751765,1.09637438,1.194417055,1.00197467369262,1.3,NA,8,FALSE
"beta_nu_c",0.4647103815025,0.4216759825,0.508991606,1.00383622133978,0.5,NA,8,TRUE
"beta_alpha",0.3949399499925,0.3774354575,0.4112918925,1.0059462628913,0.405465108108164,NA,8,TRUE
"beta_tau",0.2306297526975,0.2188545585,0.2424649815,1.00767976653925,0.23,0.2,8,TRUE
"beta_w",0.2953863696225,0.234113889,0.360370759,1.00169421310164,0.200670695462151,NA,8,FALSE
"sigma_nu_intercept",0.2161516870475,0.1793233265,0.256858661,1.00056525163997,0.2,NA,8,TRUE
"sigma_nu_c",0.2532597177425,0.222033435,0.2889019845,1.00167401454776,0.3,NA,8,FALSE
"sigma_alpha_intercept",0.0916062773995,0.07992570155,0.1049227665,1.00366540837246,0.08,NA,8,TRUE
"sigma_tau_intercept",0.05681486192875,0.0480724654,0.0669365938,1.00145834354533,0.0575,0.05,8,TRUE
"sigma_w",0.2959012932725,0.248722294,0.348513791,1.00190235021036,0.25,NA,8,TRUE
"w_pop_median",0.5732875489,0.5582626055,0.5891301855,1.00169424202508,0.55,NA,8,FALSE
"beta_nu_intercept",1.1505657942,1.101931885,1.197079525,1.00300965541154,1.3,NA,9,FALSE
"beta_nu_c",0.467043628125,0.412918203,0.5230971435,1.0038498946542,0.5,NA,9,TRUE
"beta_alpha",0.37698997647,0.361924101,0.3919277925,1.0038875462149,0.405465108108164,NA,9,FALSE
"beta_tau",0.22193366223,0.210708976,0.2331820325,1.00057977795866,0.23,0.2,9,TRUE
"beta_w",0.27727695014,0.2213777445,0.335618794,1.00117399070672,0.200670695462151,NA,9,FALSE
"sigma_nu_intercept",0.22008070567,0.184567951,0.2592869235,1.00147075170156,0.2,NA,9,TRUE
"sigma_nu_c",0.3143455177125,0.2755192765,0.357421998,1.00206552053811,0.3,NA,9,TRUE
"sigma_alpha_intercept",0.08080915037,0.0700851399,0.09324639345,1.00212215110296,0.08,NA,9,TRUE
"sigma_tau_intercept",0.0567319619875,0.0480713205,0.06626979125,1.00204145481185,0.0575,0.05,9,TRUE
"sigma_w",0.24391308532,0.1999921005,0.290628114,1.00169926024715,0.25,NA,9,TRUE
"w_pop_median",0.5688581080425,0.5551195135,0.5831258805,1.00116943722485,0.55,NA,9,FALSE
"beta_nu_intercept",1.0851545524725,1.03551428,1.13608427,1.00314808123607,1.3,NA,10,FALSE
"beta_nu_c",0.449371654345,0.394852723,0.5029516745,1.00619085976367,0.5,NA,10,TRUE
"beta_alpha",0.3690214226925,0.3528014905,0.384990648,1.00141710099941,0.405465108108164,NA,10,FALSE
"beta_tau",0.244368015765,0.233448514,0.2554113765,1.00149845350937,0.23,0.2,10,FALSE
"beta_w",0.35163939211,0.289242611,0.4128720655,1.00067716660057,0.200670695462151,NA,10,FALSE
"sigma_nu_intercept",0.223684051165,0.185079205,0.2648818795,1.00184366134058,0.2,NA,10,TRUE
"sigma_nu_c",0.300170638485,0.264515143,0.341778037,1.00428034565547,0.3,NA,10,TRUE
"sigma_alpha_intercept",0.09227372257525,0.0805866976,0.104894754,1.00260820787095,0.08,NA,10,FALSE
"sigma_tau_intercept",0.0490028607805,0.0408788151,0.0577861726,1.00123583564191,0.0575,0.05,10,TRUE
"sigma_w",0.2712967955375,0.224008214,0.3235252705,1.00070710039414,0.25,NA,10,TRUE
"w_pop_median",0.5869853232575,0.571810697,0.6017763515,1.0006771630711,0.55,NA,10,FALSE
