"rep","variable","true","mean","sd","q5","q95","rhat","ess_bulk","ess_tail","bias","rel_bias_pct","covered"
1,"beta_nu[1]",1.1,1.1430796885,0.0371722850897553,1.08247294,1.204460395,1.00212442271451,1375.60095079345,1394.32923781439,0.0430796885,3.91633531818182,TRUE
1,"beta_nu[2]",0.7,0.64074998695,0.057194702042657,0.547909579,0.733888745,1.00271696536637,427.955981383664,705.959640820281,-0.05925001305,-8.46428757857143,TRUE
1,"beta_nu[3]",0.45,0.48056039686,0.0363729589659935,0.4216181615,0.5414973775,1.00126024434201,882.602367687366,1212.08465626598,0.03056039686,6.79119930222222,TRUE
1,"beta_nu[4]",0.25,0.29233384203,0.0361125673285655,0.232565098,0.3525545375,1.0003361808203,919.400914503625,1313.9867204893,0.04233384203,16.933536812,TRUE
1,"beta_alpha2",0.024,0.0210656165239,0.00606856186213249,0.0111003161,0.0314019844,0.999799512434833,3868.87012552972,1445.2267318833,-0.0029343834761,-12.2265978170833,TRUE
1,"beta_alpha3",0.05,0.049141614228,0.0056732309343677,0.0395822738,0.05829656705,1.00042793338881,3422.68051346578,1505.66272448921,-0.000858385772000002,-1.716771544,TRUE
1,"beta_tau",0.3,0.18015699464462,0.0937788764311949,0.02286361785,0.3293788325,0.999497047221795,1716.92308755372,1706.5937730219,-0.11984300535538,-39.9476684517933,TRUE
1,"sigma_nu_c",0.5,0.528744340655,0.0442122523855483,0.4625617225,0.6032431715,0.999265920711936,529.545335164658,1264.19510518183,0.028744340655,5.748868131,TRUE
1,"sigma_nu_r",0.3,0.292742160065,0.0288377135797556,0.2488914575,0.343336032,0.999670300385392,782.787719129259,1278.5865921752,-0.00725783993500001,-2.41927997833334,TRUE
1,"sigma_nu_cr",0.3,0.274906648285,0.0290684959049503,0.229391514,0.324237597,1.00216156685793,746.280290976247,1261.96298357557,-0.025093351715,-8.36445057166666,TRUE
1,"sigma_alpha_intercept",0.08,0.078829876819,0.00792314884868121,0.0666046248,0.0928069611,1.00103627163534,823.265532071158,1053.15472636328,-0.001170123181,-1.46265397625,TRUE
1,"sigma_tau_intercept",0.05,0.0464696019227845,0.0448886589564734,0.002426230955,0.139157269,1.00035558836476,1012.72261081271,1031.98147346726,-0.0035303980772155,-7.060796154431,TRUE
1,"w",0.52,0.508485714335,0.00518711808633885,0.499972781,0.5169429095,0.99945542658968,1818.86119527139,1528.70492423201,-0.011514285665,-2.21428570480769,FALSE
2,"beta_nu[1]",1.1,1.077606337435,0.0338042465382101,1.0218347,1.13334909,1.00152538791523,703.219873868064,1262.81086146088,-0.0223936625650001,-2.0357875059091,TRUE
2,"beta_nu[2]",0.7,0.663665014395,0.0628493189961403,0.560150478,0.766419852,1.00354446817657,286.78428109648,437.201517368481,-0.0363349856049999,-5.1907122292857,TRUE
2,"beta_nu[3]",0.45,0.42600292391,0.0380204625240128,0.367630419,0.4874743015,1.00067455710657,476.736203455011,884.362026712683,-0.02399707609,-5.33268357555556,TRUE
2,"beta_nu[4]",0.25,0.178289463361,0.0450908699095706,0.103334383,0.247996453,1.00106118989711,497.099572900747,705.726608059599,-0.071710536639,-28.6842146556,FALSE
2,"beta_alpha2",0.024,0.0274276330229,0.00595185738947391,0.0177965758,0.03707349945,1.00079525542885,3226.0788850534,1745.6532882331,0.0034276330229,14.2818042620833,TRUE
2,"beta_alpha3",0.05,0.056333648066,0.00532974506767408,0.0475472449,0.06501532735,1.00013858002554,2358.30002704417,1585.49275996137,0.006333648066,12.667296132,TRUE
2,"beta_tau",0.3,0.40020636039,0.0856590830528007,0.262298951,0.536951176,1.00016191025395,1049.83973559989,1151.76018661637,0.10020636039,33.40212013,TRUE
2,"sigma_nu_c",0.5,0.6132343533,0.0497868760543002,0.537329173,0.6987240735,1.00320769023124,319.734090388933,602.328673361001,0.1132343533,22.64687066,FALSE
2,"sigma_nu_r",0.3,0.324130993105,0.0294811563329317,0.277961816,0.3747015135,1.00043763643218,563.47844253355,1172.64545633081,0.024130993105,8.04366436833333,TRUE
2,"sigma_nu_cr",0.3,0.380726546735,0.0358673433501647,0.324591508,0.4448660955,1.00160497692915,574.743128820968,1118.87361867559,0.080726546735,26.9088489116667,FALSE
2,"sigma_alpha_intercept",0.08,0.071058862054,0.00762411373548218,0.05886420115,0.0837904214,1.00733155436513,575.718943522631,1214.00076578492,-0.008941137946,-11.1764224325,TRUE
2,"sigma_tau_intercept",0.05,0.0470040418876285,0.0453743061244302,0.002931781145,0.1387137475,1.00130308157461,959.08514709729,1148.33893443689,-0.0029959581123715,-5.991916224743,TRUE
2,"w",0.52,0.51928063446,0.00483736999730133,0.5113972065,0.5275224575,1.00124056672036,1094.17770908831,1335.92283216748,-0.000719365540000072,-0.138339526923091,TRUE
3,"beta_nu[1]",1.1,1.11364999588,0.0374665279658607,1.052841185,1.175653295,1.00453551292655,559.34580232475,677.581546955721,0.0136499958799998,1.24090871636362,TRUE
3,"beta_nu[2]",0.7,0.720938698455,0.0503741096796446,0.6381953465,0.802322176,1.0035290150468,438.747993967688,828.723118771073,0.0209386984550001,2.99124263642858,TRUE
3,"beta_nu[3]",0.45,0.495911659275,0.0386169138979584,0.433245502,0.559430366,1.00124666615319,479.743734437487,984.144507740204,0.045911659275,10.20259095,TRUE
3,"beta_nu[4]",0.25,0.188606223395,0.0388978669588164,0.1246854925,0.2517518385,1.00595250804484,479.793826684302,939.620668344527,-0.061393776605,-24.557510642,TRUE
3,"beta_alpha2",0.024,0.02591652359465,0.0059477899473594,0.0159767157,0.03549452705,0.999760769462504,3486.61683629917,1491.00698364563,0.00191652359465,7.98551497770833,TRUE
3,"beta_alpha3",0.05,0.0572599469935,0.00570182562809764,0.0483151828,0.0667654711,1.00194674770583,2915.78192320761,1511.09095688085,0.00725994699349999,14.519893987,TRUE
3,"beta_tau",0.3,0.222416303629795,0.0929190670114799,0.06059546605,0.3695539775,1.00102158605977,1080.47111696503,1353.73414829067,-0.077583696370205,-25.8612321234017,TRUE
3,"sigma_nu_c",0.5,0.448664571105,0.0412049300877746,0.3842970155,0.5202860205,1.00395615951629,516.834258722193,829.51589934889,-0.051335428895,-10.267085779,TRUE
3,"sigma_nu_r",0.3,0.318354419355,0.0315261969817554,0.269386065,0.370988599,1.00115422345915,632.302357014478,1005.49670588561,0.018354419355,6.118139785,TRUE
3,"sigma_nu_cr",0.3,0.311950857995,0.0309083991163673,0.263611992,0.364832152,1.0010815592229,827.336058451065,1381.6434808616,0.011950857995,3.98361933166667,TRUE
3,"sigma_alpha_intercept",0.08,0.082606761743,0.00788989095455242,0.07017784505,0.0959937393,1.00226092088563,686.347985792751,1086.06964528813,0.00260676174299999,3.25845217874999,TRUE
3,"sigma_tau_intercept",0.05,0.066808073725845,0.0656215993442078,0.003546308215,0.1998956265,1.00211803834972,627.520224427021,772.631455854371,0.016808073725845,33.61614745169,TRUE
3,"w",0.52,0.50965955037,0.0051855848848492,0.501290967,0.5181987675,1.00162066919196,885.399692126815,1201.99832289992,-0.01034044963,-1.98854800576924,FALSE
4,"beta_nu[1]",1.1,1.11427657235,0.0348729553147918,1.05873852,1.17222724,1.00433019250387,1092.81074990544,1185.41223603753,0.01427657235,1.29787021363637,TRUE
4,"beta_nu[2]",0.7,0.67854680063,0.0621132217443819,0.578458786,0.780623103,1.01081241608999,276.18706903282,660.752708608986,-0.02145319937,-3.06474276714286,TRUE
4,"beta_nu[3]",0.45,0.48727461412,0.0292523816425429,0.4408658845,0.5357422395,1.00449068271945,1160.99671976617,1552.52885051565,0.03727461412,8.28324758222222,TRUE
4,"beta_nu[4]",0.25,0.256571178521,0.0369277261552261,0.1958301655,0.3178643045,1.00279118833792,714.360562018429,1097.25120139947,0.00657117852099998,2.62847140839999,TRUE
4,"beta_alpha2",0.024,0.007648202453721,0.00587488957134035,-0.00194904627,0.01750568145,1.00410352194405,3028.82609397568,1484.38963997494,-0.016351797546279,-68.1324897761625,FALSE
4,"beta_alpha3",0.05,0.0475928342035,0.00537231007279364,0.0390086877,0.05641350045,0.999791737885355,2946.67287276081,1534.47638560704,-0.0024071657965,-4.814331593,TRUE
4,"beta_tau",0.3,0.4065275105445,0.0877952788673066,0.2670262305,0.548926517,0.999892676510812,1338.77360706039,1473.7414815347,0.1065275105445,35.5091701815,TRUE
4,"sigma_nu_c",0.5,0.568003071685,0.0469665076105696,0.496836175,0.649425083,1.00151825615488,448.533450297531,881.26095762972,0.068003071685,13.600614337,TRUE
4,"sigma_nu_r",0.3,0.20407817675,0.0244776221762666,0.1651600745,0.246452803,1.00171578889343,1163.29345263882,1563.9801946728,-0.09592182325,-31.9739410833333,FALSE
4,"sigma_nu_cr",0.3,0.30243368506,0.0312956927975345,0.2534770825,0.354950343,1.00141527306228,885.297310193387,1445.78332533448,0.00243368506000002,0.811228353333341,TRUE
4,"sigma_alpha_intercept",0.08,0.076233746098,0.00762197274819043,0.06373291945,0.0894314736,0.9996744238238,908.758411299898,1250.0784912296,-0.003766253902,-4.7078173775,TRUE
4,"sigma_tau_intercept",0.05,0.0729539948247945,0.07159819375059,0.00257960623,0.229721005,1.00260674157237,620.94387368042,888.84532966321,0.0229539948247945,45.907989649589,TRUE
4,"w",0.52,0.50367504957,0.00488084589758456,0.49545313,0.5114589355,0.999950988711851,1382.8084969951,1419.19791789806,-0.01632495043,-3.13941354423078,FALSE
5,"beta_nu[1]",1.1,1.0597111757,0.0321559829622656,1.00634409,1.11488945,1.00021388600832,1173.40064060909,1552.62224824406,-0.0402888243000001,-3.6626203909091,TRUE
5,"beta_nu[2]",0.7,0.646609965455,0.0590401622263009,0.545882421,0.743786309,1.00341057654074,341.116653020097,516.754541195304,-0.0533900345449999,-7.62714779214285,TRUE
5,"beta_nu[3]",0.45,0.4212440817,0.0391262329203669,0.3566686195,0.4881204225,1.0035244218249,573.351028869315,953.258166673885,-0.0287559183,-6.39020406666667,TRUE
5,"beta_nu[4]",0.25,0.1622117455585,0.0374686527519127,0.103277858,0.224570437,1.00048301136716,700.467777445778,1205.99993369026,-0.0877882544415,-35.1153017766,FALSE
5,"beta_alpha2",0.024,0.0222523382703,0.00619462687844868,0.0120609428,0.03222211205,1.00109195512225,3179.46808770967,1728.05247331924,-0.0017476617297,-7.28192387375,TRUE
5,"beta_alpha3",0.05,0.0458967381765,0.00518842542319342,0.03744676165,0.05441279115,1.00247415042411,3467.31305278551,1655.42332947557,-0.0041032618235,-8.206523647,TRUE
5,"beta_tau",0.3,0.497725126445,0.0908314398429237,0.345845321,0.6402864455,1.00145409780456,1589.85422998032,1193.18267364315,0.197725126445,65.9083754816667,FALSE
5,"sigma_nu_c",0.5,0.522125567715,0.0437319201810545,0.451876508,0.5976784505,1.00933709059548,458.252748161305,932.898558705645,0.022125567715,4.42511354299999,TRUE
5,"sigma_nu_r",0.3,0.31446679777,0.0288678643749427,0.2685866975,0.3645217905,1.00184657657605,651.746531578378,1196.86875522196,0.01446679777,4.82226592333333,TRUE
5,"sigma_nu_cr",0.3,0.29687409646,0.0320552409986549,0.2482123845,0.35025306,1.00069934147061,835.840324906181,1232.78932454203,-0.00312590353999997,-1.04196784666666,TRUE
5,"sigma_alpha_intercept",0.08,0.0798528751465,0.00757282431095792,0.06811059345,0.0929865931,1.0000454119422,829.079787883267,1215.33773087514,-0.000147124853500005,-0.183906066875007,TRUE
5,"sigma_tau_intercept",0.05,0.0451931374259785,0.0435050657875634,0.0020012388,0.1342536645,1.0013093752128,1193.37025084115,1070.30047267081,-0.00480686257402151,-9.61372514804301,TRUE
5,"w",0.52,0.519924001905,0.00481407760552819,0.5118683425,0.527753583,1.00031692685491,1404.31765554149,1537.75449891841,-7.59980950000294e-05,-0.0146150182692364,TRUE
6,"beta_nu[1]",1.1,1.11740388125,0.0349685960080936,1.061009025,1.17716868,1.00104610948252,996.992034080026,1158.67709966825,0.0174038812499999,1.58217102272727,TRUE
6,"beta_nu[2]",0.7,0.78310780034,0.0581433231085328,0.6875560025,0.879640334,1.0133956589922,386.33679779962,580.991027992575,0.0831078003400001,11.8725429057143,TRUE
6,"beta_nu[3]",0.45,0.484603137255,0.0383024808401183,0.4236543245,0.5504426375,1.00421004535204,532.207019020137,908.019304883266,0.034603137255,7.68958605666666,TRUE
6,"beta_nu[4]",0.25,0.273452194675,0.0393172839535301,0.2073805105,0.3370855495,1.00416730392801,707.734967668672,1115.60776091102,0.023452194675,9.38087786999999,TRUE
6,"beta_alpha2",0.024,0.029917632172,0.00574843636251119,0.0207144759,0.0396563078,1.00072329345012,3499.2721062842,1424.14265300162,0.005917632172,24.6568007166667,TRUE
6,"beta_alpha3",0.05,0.0526333796725,0.00567863448930387,0.04343868725,0.0621297254,1.00058421768641,2454.93842596146,1814.88058500042,0.0026333796725,5.266759345,TRUE
6,"beta_tau",0.3,0.16943681112986,0.0918101949275494,0.0154276217,0.3149733965,1.00050150312485,1414.9390314615,1253.92035825561,-0.13056318887014,-43.5210629567133,TRUE
6,"sigma_nu_c",0.5,0.512331279845,0.0457700885899055,0.443891755,0.590564623,1.00117232865389,390.240344756743,842.7916873015,0.012331279845,2.46625596900001,TRUE
6,"sigma_nu_r",0.3,0.305138857325,0.0296832592258364,0.257017094,0.354916256,1.00707160250675,711.832377603689,978.907860030359,0.00513885732500002,1.71295244166667,TRUE
6,"sigma_nu_cr",0.3,0.3127038445,0.0326718279994418,0.2639509865,0.368280108,1.0000120786908,685.542368359115,1120.54547095217,0.0127038445,4.23461483333334,TRUE
6,"sigma_alpha_intercept",0.08,0.0701908220275,0.00745686914538332,0.05847150365,0.08315234055,1.00218333888129,765.488037734609,1357.91147221535,-0.0098091779725,-12.261472465625,TRUE
6,"sigma_tau_intercept",0.05,0.0766166005741414,0.0756412420103489,0.003787224615,0.2400113975,1.00670195348306,523.154366536014,656.905323904839,0.0266166005741414,53.2332011482828,TRUE
6,"w",0.52,0.51122088697,0.00476695376811971,0.5031988975,0.519010144,1.00101005146013,1598.11258991408,1716.50929851227,-0.00877911303000001,-1.68829096730769,FALSE
7,"beta_nu[1]",1.1,1.1227060964,0.0362234971509262,1.063331635,1.180492975,1.00116431163111,1131.62079721087,1549.55385420659,0.0227060963999999,2.06419058181817,TRUE
7,"beta_nu[2]",0.7,0.74692829981,0.0518366101932924,0.6610454565,0.8330915315,1.00182784705518,438.195196422931,869.818922913216,0.04692829981,6.70404283,TRUE
7,"beta_nu[3]",0.45,0.3986132396,0.0366144635691309,0.338446112,0.458649817,1.00105785944128,953.786416396708,1300.47055411552,-0.0513867604,-11.4192800888889,TRUE
7,"beta_nu[4]",0.25,0.27972021146,0.036594277032083,0.220037831,0.339999403,1.00324755553062,1100.60168180159,1353.00503786978,0.02972021146,11.888084584,TRUE
7,"beta_alpha2",0.024,0.0307817256237,0.00606266277167725,0.0205646604,0.0406417723,1.00410937390184,4526.22961519166,1341.61681544881,0.0067817256237,28.25719009875,TRUE
7,"beta_alpha3",0.05,0.054979904798,0.00550105592224733,0.04604984575,0.06395369105,1.00027992721869,2994.7102845511,1581.81048761019,0.004979904798,9.959809596,TRUE
7,"beta_tau",0.3,0.23127212586085,0.0870502169059495,0.08425360455,0.3696801405,1.00184635917472,1795.07962040123,1698.57776088024,-0.06872787413915,-22.9092913797167,TRUE
7,"sigma_nu_c",0.5,0.476258000275,0.0404758812393575,0.411008635,0.546976085,1.00183482706811,733.878089714373,1256.51192521318,-0.023741999725,-4.748399945,TRUE
7,"sigma_nu_r",0.3,0.29690226825,0.028727779947649,0.2528903525,0.3459640875,1.0006046108799,937.239109652593,1430.13450974522,-0.00309773175,-1.03257725,TRUE
7,"sigma_nu_cr",0.3,0.281219356315,0.0315598140123002,0.2315356685,0.33520984,0.999508928654474,830.044744064596,1390.93540745071,-0.018780643685,-6.26021456166666,TRUE
7,"sigma_alpha_intercept",0.08,0.077816779469,0.00770951733318691,0.0656241489,0.09138330805,1.00065189869184,861.131769861575,1295.7594073864,-0.00218322053100001,-2.72902566375001,TRUE
7,"sigma_tau_intercept",0.05,0.05609352298009,0.0541895448846792,0.003182642255,0.168944815,1.00124917676809,845.447116167622,1083.93866331167,0.00609352298009,12.18704596018,TRUE
7,"w",0.52,0.515999807945,0.00485124379363115,0.507875706,0.5238411425,1.00035322545034,1996.71233616426,1392.21018219279,-0.00400019205500002,-0.769267702884619,TRUE
8,"beta_nu[1]",1.1,1.13614517885,0.035812754308419,1.078898485,1.194364785,1.00100593813883,1159.17166073457,1345.07572929984,0.03614517885,3.28592535,TRUE
8,"beta_nu[2]",0.7,0.687243828415,0.0512713299921174,0.605839605,0.7695696895,1.0025036857025,508.561191448104,1077.0434007457,-0.012756171585,-1.82231022642857,TRUE
8,"beta_nu[3]",0.45,0.43730478868,0.0388861936581258,0.3742985085,0.501771298,1.0002759224426,877.509074623947,1263.77539115436,-0.01269521132,-2.82115807111111,TRUE
8,"beta_nu[4]",0.25,0.228315299066,0.0373317644272577,0.1670714,0.2884853225,0.999540288755139,901.453209989538,1223.34268217003,-0.021684700934,-8.6738803736,TRUE
8,"beta_alpha2",0.024,0.0296601730228,0.00626024399233939,0.01928077075,0.0401104973,1.00240826162924,3650.63969229304,1541.60222490794,0.0056601730228,23.5840542616667,TRUE
8,"beta_alpha3",0.05,0.0477141387745,0.00546708841206086,0.03866895205,0.0568921239,1.00278986852131,3223.33168970637,1559.98474508927,-0.0022858612255,-4.571722451,TRUE
8,"beta_tau",0.3,0.18921757580421,0.0916441543636986,0.03787769955,0.338631258,1.00030495030841,1483.02228364332,1280.30297712549,-0.11078242419579,-36.92747473193,TRUE
8,"sigma_nu_c",0.5,0.43716882888,0.039857087138827,0.374722896,0.503830338,1.00214940405507,673.167366671485,875.376673919783,-0.06283117112,-12.566234224,TRUE
8,"sigma_nu_r",0.3,0.32305983134,0.0289635572225425,0.2774421245,0.373626168,0.999864718733823,871.199936367922,1325.44073755255,0.02305983134,7.68661044666667,TRUE
8,"sigma_nu_cr",0.3,0.288908689015,0.0310391412663126,0.2400186965,0.3434666835,0.99964687524044,774.610069995456,1143.87316098704,-0.011091310985,-3.69710366166666,TRUE
8,"sigma_alpha_intercept",0.08,0.0760130636785,0.007346401306377,0.0643901652,0.08849497835,1.00010890602191,960.04076257246,1407.91658415,-0.0039869363215,-4.983670401875,TRUE
8,"sigma_tau_intercept",0.05,0.0442224516476363,0.0427262893639375,0.003092216925,0.126141355,1.00055932489446,1239.52951272731,1025.29359765391,-0.0057775483523637,-11.5550967047274,TRUE
8,"w",0.52,0.50595599702,0.00507732875409788,0.4979030655,0.51433955,0.999571975350883,1392.8932953598,1441.82102688232,-0.01404400298,-2.70076980384615,FALSE
9,"beta_nu[1]",1.1,1.083265087655,0.0326935334701256,1.02941271,1.138457395,1.00312257574758,1300.42760350844,1331.55633126284,-0.016734912345,-1.52135566772727,TRUE
9,"beta_nu[2]",0.7,0.61888711918,0.0601722668166201,0.519335519,0.720850366,1.01142966156553,402.02584079731,705.739269662433,-0.08111288082,-11.5875544028571,TRUE
9,"beta_nu[3]",0.45,0.403376606345,0.0351242382046847,0.3455108635,0.461117636,0.999857989865214,927.824703679986,1231.9412654608,-0.046623393655,-10.3607541455556,TRUE
9,"beta_nu[4]",0.25,0.231391588295,0.0419952710302351,0.1629817025,0.3002354965,1.00070406677755,786.388728827537,1170.46157896937,-0.018608411705,-7.443364682,TRUE
9,"beta_alpha2",0.024,0.0235183617154,0.00623989510823492,0.0138748081,0.03333428625,1.00262115184771,3128.30634693789,1388.7086475426,-0.000481638284599999,-2.00682618583333,TRUE
9,"beta_alpha3",0.05,0.057046165165,0.00537730328353898,0.048160099,0.0659326368,0.999356361126447,3210.80435064482,1563.89188162962,0.007046165165,14.09233033,TRUE
9,"beta_tau",0.3,0.434835891955,0.0861771118083821,0.288030928,0.576357705,1.00503592002477,1833.10848441335,1631.86221028733,0.134835891955,44.9452973183333,TRUE
9,"sigma_nu_c",0.5,0.532650796145,0.0436570197959027,0.4646737135,0.6037680055,1.00208043894978,650.360518355463,897.261864133248,0.032650796145,6.530159229,TRUE
9,"sigma_nu_r",0.3,0.26970872516,0.0265381267229817,0.22849872,0.3155886675,1.00174469236783,825.659745233192,1310.43117521019,-0.03029127484,-10.0970916133333,TRUE
9,"sigma_nu_cr",0.3,0.356384036105,0.0342898664672763,0.3032624125,0.4133484295,1.00111840549472,688.809987964165,1094.01257704423,0.056384036105,18.7946787016667,FALSE
9,"sigma_alpha_intercept",0.08,0.070966977224,0.00762332721288782,0.0593087702,0.08403796955,1.00010863648969,860.770569190034,1281.87431100304,-0.009033022776,-11.29127847,TRUE
9,"sigma_tau_intercept",0.05,0.04524325223844,0.0426928609361375,0.002725758865,0.1332155585,1.00034923616078,1213.85299490967,1379.41833740484,-0.00475674776156,-9.51349552312,TRUE
9,"w",0.52,0.5214214682,0.00484699598391799,0.513201521,0.5290914875,1.00327927259551,1590.40082878659,1547.15823281064,0.0014214682,0.273359269230769,TRUE
10,"beta_nu[1]",1.1,1.11001873128,0.0350780172241916,1.053485905,1.170469655,0.999892744017109,980.44516079953,1237.3847905782,0.01001873128,0.91079375272727,TRUE
10,"beta_nu[2]",0.7,0.707184243435,0.0485877711406267,0.626531291,0.7857103645,1.00034426435993,459.323156674375,823.711585054763,0.00718424343500002,1.02632049071429,TRUE
10,"beta_nu[3]",0.45,0.38649874606,0.0362470089775148,0.3280318835,0.446329784,1.0024195560689,645.158271181198,1047.65190859889,-0.06350125394,-14.1113897644444,FALSE
10,"beta_nu[4]",0.25,0.266997025295,0.0373182360565981,0.204410627,0.3294439315,1.00135897087757,732.16325922527,1174.66296905584,0.016997025295,6.79881011800001,TRUE
10,"beta_alpha2",0.024,0.016886474964315,0.00609346520028012,0.00725131906,0.02724499805,1.00072780746425,3691.2388853218,1653.2635240826,-0.007113525035685,-29.6396876486875,TRUE
10,"beta_alpha3",0.05,0.0533594552265,0.00560277206185385,0.0441285732,0.0627717592,0.999766051601125,2982.29317128972,1697.24688104259,0.0033594552265,6.71891045299999,TRUE
10,"beta_tau",0.3,0.25845067134155,0.0911137206135524,0.107351914,0.405150091,1.00024692586951,1426.73851426842,1412.81536803407,-0.04154932865845,-13.8497762194833,TRUE
10,"sigma_nu_c",0.5,0.411825074575,0.0360914496900361,0.355903946,0.4735961515,1.00143907729836,716.079968439516,1015.14960808188,-0.088174925425,-17.634985085,FALSE
10,"sigma_nu_r",0.3,0.29736115409,0.0273774410101119,0.2539616425,0.342679449,1.00332388820084,726.646405259796,1460.40794622568,-0.00263884590999997,-0.879615303333322,TRUE
10,"sigma_nu_cr",0.3,0.298420984065,0.0311427992979463,0.250178154,0.3514150945,1.00038719507487,687.236398306625,1073.72878485302,-0.00157901593499998,-0.526338644999994,TRUE
10,"sigma_alpha_intercept",0.08,0.063965617953,0.00729784584416619,0.0527026446,0.0768794304,1.00074126728497,854.345079589601,1131.19141426073,-0.016034382047,-20.04297755875,FALSE
10,"sigma_tau_intercept",0.05,0.047989304441485,0.0461544302722213,0.00279635965,0.141864569,1.00189834170731,1064.55200604476,1168.08297945958,-0.002010695558515,-4.02139111703001,TRUE
10,"w",0.52,0.51810237695,0.00496808934596557,0.509902399,0.5262495315,1.00306450987625,1494.69714923786,1507.56725125188,-0.00189762304999996,-0.364927509615378,TRUE
1,"t0_mean",0.057443135615094,0.0544789542484739,NA,0.0505984034264659,0.0581591281383114,NA,NA,NA,-0.00296418136662013,-5.1602011883231,NA
2,"t0_mean",0.057443135615094,0.0598536499963657,NA,0.0564931167220737,0.0630590272922134,NA,NA,NA,0.00241051438127166,4.19634888565912,NA
3,"t0_mean",0.057443135615094,0.0555115901238972,NA,0.0515773960771251,0.0590154686472011,NA,NA,NA,-0.00193154549119676,-3.36253491477094,NA
4,"t0_mean",0.057443135615094,0.0599744991160742,NA,0.0566392794717434,0.0633082798807809,NA,NA,NA,0.00253136350098022,4.40672932261566,NA
5,"t0_mean",0.057443135615094,0.0621636721257753,NA,0.0586008081221956,0.0654482931894425,NA,NA,NA,0.0047205365106813,8.21775562934436,NA
6,"t0_mean",0.057443135615094,0.0542078891014686,NA,0.0503465477226187,0.0577505502265971,NA,NA,NA,-0.00323524651362542,-5.63208550331176,NA
7,"t0_mean",0.057443135615094,0.0557387335742024,NA,0.0521212791646518,0.0590764911286107,NA,NA,NA,-0.00170440204089162,-2.96711177522099,NA
8,"t0_mean",0.057443135615094,0.054700894861094,NA,0.0508985739907963,0.0582981257879831,NA,NA,NA,-0.00274224075400002,-4.77383541938726,NA
9,"t0_mean",0.057443135615094,0.0606762422980201,NA,0.0571479341615004,0.0639640193219316,NA,NA,NA,0.00323310668292612,5.62836037466691,NA
10,"t0_mean",0.057443135615094,0.0564093499867559,NA,0.0526886856934975,0.0600147646924988,NA,NA,NA,-0.00103378562833813,-1.79966782326293,NA
1,"sv_mean",0.5,0.52984847475976,NA,0.42898256472,0.625592338315,NA,NA,NA,0.02984847475976,5.96969495195201,NA
2,"sv_mean",0.5,0.43418019130703,NA,0.339523656645,0.522939392965,NA,NA,NA,-0.06581980869297,-13.163961738594,NA
3,"sv_mean",0.5,0.50142028727959,NA,0.39419642285,0.60125945581,NA,NA,NA,0.00142028727958998,0.284057455917996,NA
4,"sv_mean",0.5,0.53363824747055,NA,0.443783060475,0.621866924325,NA,NA,NA,0.03363824747055,6.72764949411,NA
5,"sv_mean",0.5,0.37556124216346,NA,0.278133493165,0.471236569255,NA,NA,NA,-0.12443875783654,-24.887751567308,NA
6,"sv_mean",0.5,0.492691043753105,NA,0.39505274755,0.59212478272,NA,NA,NA,-0.00730895624689498,-1.461791249379,NA
7,"sv_mean",0.5,0.501161957840015,NA,0.40002343739,0.59528324735,NA,NA,NA,0.00116195784001505,0.23239156800301,NA
8,"sv_mean",0.5,0.47425226413828,NA,0.366518736415,0.572439633005,NA,NA,NA,-0.02574773586172,-5.149547172344,NA
9,"sv_mean",0.5,0.36398783998929,NA,0.26491660938,0.463362772805,NA,NA,NA,-0.13601216001071,-27.202432002142,NA
10,"sv_mean",0.5,0.47596427830275,NA,0.38185012387,0.570574563005,NA,NA,NA,-0.02403572169725,-4.80714433945,NA
1,"alpha_mean",1.8,1.83225881113859,NA,1.79992428650962,1.86337715913751,NA,NA,NA,0.0322588111385933,1.79215617436629,NA
2,"alpha_mean",1.8,1.8023116688157,NA,1.77364747025793,1.83204452520556,NA,NA,NA,0.002311668815695,0.128426045316389,NA
3,"alpha_mean",1.8,1.84184440141873,NA,1.8106464979846,1.87287522801914,NA,NA,NA,0.041844401418728,2.32468896770711,NA
4,"alpha_mean",1.8,1.80589610088056,NA,1.77745904980423,1.83619239885486,NA,NA,NA,0.00589610088056336,0.327561160031298,NA
5,"alpha_mean",1.8,1.78393721815974,NA,1.75654023969977,1.81080678166768,NA,NA,NA,-0.0160627818402626,-0.892376768903475,NA
6,"alpha_mean",1.8,1.84818788796395,NA,1.81715856352774,1.87986291003128,NA,NA,NA,0.0481878879639464,2.67710488688591,NA
7,"alpha_mean",1.8,1.80971464695954,NA,1.77840169677171,1.84131502383547,NA,NA,NA,0.00971464695953772,0.539702608863207,NA
8,"alpha_mean",1.8,1.81173690852105,NA,1.78103333993101,1.84297664068327,NA,NA,NA,0.0117369085210477,0.652050473391539,NA
9,"alpha_mean",1.8,1.78866313781162,NA,1.76358100826841,1.81725413117942,NA,NA,NA,-0.0113368621883787,-0.62982567713215,NA
10,"alpha_mean",1.8,1.85140335037359,NA,1.82110543511887,1.88429513907676,NA,NA,NA,0.0514033503735907,2.8557416874217,NA
