"subj","cell","alpha","nu"
1,"cong/post-corr",2.07875403077707,2.81765918106642
2,"cong/post-corr",1.79984393952042,2.20620928109027
3,"cong/post-corr",2.05855101869009,2.17127241675049
4,"cong/post-corr",1.92600418601352,2.08046162569499
5,"cong/post-corr",1.96902439839445,3.22324859468555
6,"cong/post-corr",1.73838492025709,2.72808687095904
7,"cong/post-corr",1.95045337726307,3.3937328057495
8,"cong/post-corr",1.86071617624354,2.76331103778177
9,"cong/post-corr",1.97290107391529,3.1723358710345
10,"cong/post-corr",2.08316188140287,2.29181048359502
11,"cong/post-corr",1.8446767513308,3.08856237895435
12,"cong/post-corr",1.98631123004603,2.80732321468006
13,"cong/post-corr",1.91291826916319,1.78886702181063
14,"cong/post-corr",1.81659085868475,2.99059163880688
15,"cong/post-corr",2.09514815037231,3.63558954640665
16,"cong/post-corr",2.07689178920402,2.84728794451804
17,"cong/post-corr",1.78583697335561,2.52256484078385
18,"cong/post-corr",2.03361442857323,2.13663859745574
19,"cong/post-corr",1.92542485674765,2.66085525876685
20,"cong/post-corr",2.07117787234283,2.23754229851157
21,"cong/post-corr",1.98440353233882,2.44426922657282
22,"cong/post-corr",1.80757074661135,1.54002052433154
23,"cong/post-corr",1.99716909773859,2.17256868058341
24,"cong/post-corr",1.94266523220631,1.9798586079287
25,"cong/post-corr",1.72227935792321,2.26088386369682
26,"cong/post-corr",2.03500652860069,2.6534458684386
27,"cong/post-corr",1.85784930877629,3.1903338210285
28,"cong/post-corr",1.98713609945172,1.34751882953977
29,"cong/post-corr",1.82857333069217,3.4812322545039
30,"cong/post-corr",2.13720353643956,2.97475895232115
31,"cong/post-corr",1.90129166653214,2.04864611404512
32,"cong/post-corr",1.99190649100098,2.44273932826029
33,"cong/post-corr",1.6719858452749,2.31477453352702
34,"cong/post-corr",1.9028820508875,2.41416134119039
35,"cong/post-corr",1.95182584733503,2.86871457236784
36,"cong/post-corr",1.957535318638,1.72371722261507
37,"cong/post-corr",2.10177201827686,2.36021609835071
38,"cong/post-corr",2.07213417355412,3.628821930467
39,"cong/post-corr",1.8482976894333,3.281339778088
40,"cong/post-corr",1.87038065241375,2.82935498355487
41,"cong/post-corr",1.96259678364811,2.98090693322039
42,"cong/post-corr",1.81695177546666,2.2778457602604
43,"cong/post-corr",1.95597227250655,2.9282564594801
44,"cong/post-corr",2.00509761666031,2.04201408235255
45,"cong/post-corr",2.01548955046965,1.8832869082551
46,"cong/post-corr",1.82863323903641,2.51118418780413
47,"cong/post-corr",1.89459532720734,2.41972258708427
48,"cong/post-corr",1.75721369035023,3.44546570708226
49,"cong/post-corr",1.66282365028176,3.20577547919806
50,"cong/post-corr",1.97733349923047,3.00338478718845
51,"cong/post-corr",2.00623724066336,3.3123408114658
52,"cong/post-corr",1.84920958309713,3.66565815357605
53,"cong/post-corr",2.03826993622302,3.16816899695745
54,"cong/post-corr",2.10770948135409,1.96790474663935
55,"cong/post-corr",2.31268802486072,3.60005934167
56,"cong/post-corr",2.00351282956941,1.7358355817163
57,"cong/post-corr",1.85263626066331,2.3596349821441
58,"cong/post-corr",1.73511290066656,3.18162103295775
59,"cong/post-corr",1.93853403800967,1.8040262601057
60,"cong/post-corr",2.05846613259981,3.5925357451545
61,"cong/post-corr",2.34692020297662,3.2455354003165
62,"cong/post-corr",2.06702864815165,3.2363693713662
63,"cong/post-corr",1.9718802320806,3.70181316792585
64,"cong/post-corr",1.85073352398602,2.78069204771411
65,"cong/post-corr",1.77207069026277,3.3454996052915
66,"cong/post-corr",1.87408291006913,2.00210059570153
67,"cong/post-corr",2.05551482288307,1.95053902362765
68,"cong/post-corr",1.97184066262884,3.04040362176283
69,"cong/post-corr",1.96568602694077,1.98897264006051
70,"cong/post-corr",1.8972784631851,2.72292183188147
71,"cong/post-corr",1.80713343652046,2.9131379864966
72,"cong/post-corr",2.02028150071205,2.50927008547779
73,"cong/post-corr",1.87323680185703,3.60075702329055
74,"cong/post-corr",2.00602091095842,1.93372878724691
75,"cong/post-corr",2.11424388659535,2.6888190982118
76,"cong/post-corr",1.77008041719469,1.58410902845858
77,"cong/post-corr",1.8031079690377,1.39577533722167
78,"cong/post-corr",2.06590348020062,1.91873443585215
79,"cong/post-corr",1.84183120040576,2.48725111815604
80,"cong/post-corr",1.82489481144142,2.92595867854366
81,"cong/post-corr",2.09162767537708,2.65732034529462
82,"cong/post-corr",2.09642656664246,2.6381642099526
83,"cong/post-corr",1.85014225015894,2.20912000908548
84,"cong/post-corr",2.00254432151584,4.0883638056505
85,"cong/post-corr",1.87319061865342,2.9448148517113
86,"cong/post-corr",2.02283653215515,2.76308549552957
87,"cong/post-corr",2.01536524748337,2.598608194156
88,"cong/post-corr",2.33304934278987,2.08451187017505
89,"cong/post-corr",2.01206891126363,2.23197117948875
90,"cong/post-corr",1.84789724794446,2.22620910540577
91,"cong/post-corr",1.96001387947471,2.39477177100086
92,"cong/post-corr",1.69199331554381,2.70852487134633
93,"cong/post-corr",1.83446025893931,2.38787071952572
94,"cong/post-corr",2.11532944192551,2.78885114648824
95,"cong/post-corr",1.874906372637,1.90775916036271
96,"cong/post-corr",1.81559490762466,2.04581597257859
97,"cong/post-corr",1.99229913148561,2.25837538762061
98,"cong/post-corr",1.91810686548007,2.57141603874036
99,"cong/post-corr",1.9267041910056,3.63841377321108
100,"cong/post-corr",1.81106544238404,2.88586758025835
1,"cong/post-err",1.98732506248303,1.31311652190358
2,"cong/post-err",1.72068215700827,0.69756718132093
3,"cong/post-err",1.96801063101896,1.05502478123341
4,"cong/post-err",1.84129355019511,-0.294036259968106
5,"cong/post-err",1.8824216225847,1.29905154245445
6,"cong/post-err",1.66192626406023,1.64334293604096
7,"cong/post-err",1.86466740290125,1.3054484438605
8,"cong/post-err",1.77887707562692,0.71574138670403
9,"cong/post-err",1.88612779190903,0.5765712310655
10,"cong/post-err",1.99153904446004,0.71931068166489
11,"cong/post-err",1.76354310602543,2.13973463475565
12,"cong/post-err",1.89894813475664,1.19630044629994
13,"cong/post-err",1.82878318574736,0.3113352091148
14,"cong/post-err",1.73669250343786,0.951679942123125
15,"cong/post-err",2.00299812637929,2.02951736409335
16,"cong/post-err",1.98554472710149,0.993547583991965
17,"cong/post-err",1.70729125337247,1.00542308565145
18,"cong/post-err",1.94417081650585,0.83903135220428
19,"cong/post-err",1.84073970132581,1.28531198628016
20,"cong/post-err",1.98008212305355,0.106888548888171
21,"cong/post-err",1.89712434251906,1.37453363090718
22,"cong/post-err",1.72806911917764,0.1268693472048
23,"cong/post-err",1.90932844539998,0.955946315080174
24,"cong/post-err",1.85722180056812,1.27262877937088
25,"cong/post-err",1.64652906593211,0.681377409686781
26,"cong/post-err",1.94550168838059,0.9797231215924
27,"cong/post-err",1.7761363003913,0.6969637728715
28,"cong/post-err",1.89973672427659,1.1579875127959
29,"cong/post-err",1.74814795539528,0.0697574254170999
30,"cong/post-err",2.04320380800705,0.34391459973115
31,"cong/post-err",1.81766795111252,0.745840637690484
32,"cong/post-err",1.90429730169139,0.637136200778503
33,"cong/post-err",1.59844759179593,0.185550633399116
34,"cong/post-err",1.81918838625857,1.32369148386061
35,"cong/post-err",1.86597950819659,1.01403245196216
36,"cong/post-err",1.87143786221344,0.774109245017815
37,"cong/post-err",2.00933065947478,1.50215428897929
38,"cong/post-err",1.98099636366901,1.292124241003
39,"cong/post-err",1.76700478592323,1.188344606982
40,"cong/post-err",1.78811648318764,1.40039816956513
41,"cong/post-err",1.87627671092692,1.42932932838961
42,"cong/post-err",1.73703754616804,0.709356195856321
43,"cong/post-err",1.86994356288563,0.6927162925549
44,"cong/post-err",1.91690824759313,-0.21226783366885
45,"cong/post-err",1.92684311732817,0.211606664452993
46,"cong/post-err",1.74820522881589,1.23724542217587
47,"cong/post-err",1.81126613407691,1.25538449615173
48,"cong/post-err",1.67992689624077,1.68134316411773
49,"cong/post-err",1.58968837378955,1.68921894146194
50,"cong/post-err",1.89036526771714,1.22659372958155
51,"cong/post-err",1.91799774799074,1.5016510939842
52,"cong/post-err",1.76787657214979,1.91562051892395
53,"cong/post-err",1.94862156291165,0.814783788572555
54,"cong/post-err",2.01500697759912,1.78197332308065
55,"cong/post-err",2.21097003563813,0.13104269608
56,"cong/post-err",1.9153931635294,1.5603030114835
57,"cong/post-err",1.77115253559111,0.9627022751093
58,"cong/post-err",1.65879815633757,2.12297527501225
59,"cong/post-err",1.85327230695636,0.835257359868465
60,"cong/post-err",1.96792947843806,1.2303794834055
61,"cong/post-err",2.24369659419479,0.9639461562835
62,"cong/post-err",1.97611539245295,0.6684793518738
63,"cong/post-err",1.88515184933339,1.57343576947415
64,"cong/post-err",1.76933348618454,0.577126640723995
65,"cong/post-err",1.69413044694583,1.1078562390285
66,"cong/post-err",1.79165590599446,0.128048685215577
67,"cong/post-err",1.96510797494106,0.868601495934549
68,"cong/post-err",1.88511402024826,1.06284724594716
69,"cong/post-err",1.87923008132511,1.28072672149086
70,"cong/post-err",1.81383125880823,1.05495769379753
71,"cong/post-err",1.72765104311341,-0.1386443212897
72,"cong/post-err",1.93142430522914,0.493200561138739
73,"cong/post-err",1.79084701180564,1.20876928196945
74,"cong/post-err",1.91779093302465,1.31816718584813
75,"cong/post-err",2.0212539828302,0.770575900851425
76,"cong/post-err",1.69222771122491,0.641307132454883
77,"cong/post-err",1.72380262608174,0.834232872261371
78,"cong/post-err",1.97503971229288,0.364009946796435
79,"cong/post-err",1.76082270977547,0.0167809318465351
80,"cong/post-err",1.74463122691677,1.85334179137634
81,"cong/post-err",1.99963249096197,0.928939485683685
82,"cong/post-err",2.00422031460182,1.7605628520474
83,"cong/post-err",1.76876821810666,0.723962058665655
84,"cong/post-err",1.9144672529601,1.5359237879495
85,"cong/post-err",1.79080285985854,0.7798860444017
86,"cong/post-err",1.93386695979391,0.48164221309768
87,"cong/post-err",1.9267242815081,0.359578266755995
88,"cong/post-err",2.23043581024479,1.10623414191545
89,"cong/post-err",1.92357292666435,0.217130372112565
90,"cong/post-err",1.76662195688475,0.837332754749462
91,"cong/post-err",1.87380740954648,1.18330840806315
92,"cong/post-err",1.61757508187585,1.28405993864368
93,"cong/post-err",1.7537759613418,1.24415017999128
94,"cong/post-err",2.02229179263473,1.27523060378177
95,"cong/post-err",1.79244315055293,0.431192489398198
96,"cong/post-err",1.7357403568763,0.629733459444186
97,"cong/post-err",1.90467267283396,1.08991377039739
98,"cong/post-err",1.83374357420458,1.20537270954964
99,"cong/post-err",1.84196276716067,2.13798179978892
100,"cong/post-err",1.73141010920917,0.46471440837565
1,"incong/post-corr",1.8810122673485,0.38111056083258
2,"incong/post-corr",1.62863353692942,0.77915391086647
3,"incong/post-corr",1.86273106956831,0.978845359518509
4,"incong/post-corr",1.74279277260221,1.66317485160501
5,"incong/post-corr",1.78172068135639,-0.23940648778445
6,"incong/post-corr",1.57302081533662,0.262412636814366
7,"incong/post-corr",1.76491623116742,-0.1437697676105
8,"incong/post-corr",1.68371529375196,1.14202452333823
9,"incong/post-corr",1.78522858758447,0.3339002795145
10,"incong/post-corr",1.88500082057654,1.24814968770898
11,"incong/post-corr",1.66920162134272,0.0714996673115511
12,"incong/post-corr",1.79736310076666,1.01874768711994
13,"incong/post-corr",1.73095165539423,1.66539563591937
14,"incong/post-corr",1.64378740310215,0.477143833220125
15,"incong/post-corr",1.89584689405972,-0.37239135796065
16,"incong/post-corr",1.87932717176152,0.622330293074965
17,"incong/post-corr",1.61595898534985,0.47929999072345
18,"incong/post-corr",1.84016657602016,1.06680836218826
19,"incong/post-corr",1.74226855211253,0.809845310218155
20,"incong/post-corr",1.87415679202858,1.55464170754843
21,"incong/post-corr",1.79563687306654,0.52445582424928
22,"incong/post-corr",1.63562533043182,1.6778421287131
23,"incong/post-corr",1.80718811229981,1.48081113511359
24,"incong/post-corr",1.75786893448163,0.769266168979996
25,"incong/post-corr",1.55844729683753,1.10044090262918
26,"incong/post-corr",1.84142625234081,0.4300081869782
27,"incong/post-corr",1.68112113744731,0.9136092196115
28,"incong/post-corr",1.79810950435655,1.56770131873687
29,"incong/post-corr",1.65463004080984,1.4591845394261
30,"incong/post-corr",1.93390175573617,0.69013295128885
31,"incong/post-corr",1.72043103493948,0.434196025640517
32,"incong/post-corr",1.80242611175279,0.948080072929208
33,"incong/post-corr",1.51293796150547,1.13688717075398
34,"incong/post-corr",1.72187013376404,0.36593538395574
35,"incong/post-corr",1.76615814483478,0.751582081922161
36,"incong/post-corr",1.77132450189385,1.50199872841324
37,"incong/post-corr",1.90184066561772,0.72264046954459
38,"incong/post-corr",1.87502212495546,-0.178208792443
39,"incong/post-corr",1.67247811720961,0.190602386079
40,"incong/post-corr",1.69246043529565,0.52378329578413
41,"incong/post-corr",1.7759044943479,-0.10973898313761
42,"incong/post-corr",1.64411398762547,1.4662372968096
43,"incong/post-corr",1.76991014074089,0.8015474202499
44,"incong/post-corr",1.81436242976731,1.76120216019745
45,"incong/post-corr",1.82376582944204,2.0416154969749
46,"incong/post-corr",1.65468425036458,0.374301075112235
47,"incong/post-corr",1.71437168581506,0.82247894762023
48,"incong/post-corr",1.59005849608187,0.119812295597735
49,"incong/post-corr",1.50464732157271,0.277721945334942
50,"incong/post-corr",1.78923937783119,0.13346419650445
51,"incong/post-corr",1.81539364688014,-0.0497371530147998
52,"incong/post-corr",1.6733032668631,-0.60467362012295
53,"incong/post-corr",1.84437922786369,0.896178203402555
54,"incong/post-corr",1.90721332670212,0.306176048829128
55,"incong/post-corr",2.0926932580315,0.31679083937
56,"incong/post-corr",1.81292839576666,0.63602119249319
57,"incong/post-corr",1.67640398125393,0.6584441333092
58,"incong/post-corr",1.57006004706021,0.0925807894597506
59,"incong/post-corr",1.75413072070182,1.1158793667985
60,"incong/post-corr",1.86265425827906,-0.00238811804450001
61,"incong/post-corr",2.12366909549024,0.1324647650165
62,"incong/post-corr",1.87040226335994,0.8156756760138
63,"incong/post-corr",1.78430485346989,0.0168986920911501
64,"incong/post-corr",1.67468224266508,1.4333772927459
65,"incong/post-corr",1.60350222183187,0.1620536652155
66,"incong/post-corr",1.69581051518175,1.88977724371847
67,"incong/post-corr",1.85998369230553,1.14803137960023
68,"incong/post-corr",1.78426904806767,0.319325277443165
69,"incong/post-corr",1.77869987294694,1.21885947158989
70,"incong/post-corr",1.71679958811347,-0.414020834397533
71,"incong/post-corr",1.63522961952355,1.3710098966134
72,"incong/post-corr",1.82810194475776,1.37605616411221
73,"incong/post-corr",1.69504489312984,-0.39981845758945
74,"incong/post-corr",1.81519789556817,0.939707734818293
75,"incong/post-corr",1.913126145745,1.13465865742821
76,"incong/post-corr",1.60170127376346,1.57503195160552
77,"incong/post-corr",1.63158707518941,1.3684149109553
78,"incong/post-corr",1.8693841271652,1.21335514721315
79,"incong/post-corr",1.66662675384127,1.40947497147397
80,"incong/post-corr",1.65130144120935,-0.511214389851343
81,"incong/post-corr",1.89266130473319,0.826856504615385
82,"incong/post-corr",1.89700370080613,0.265273386092616
83,"incong/post-corr",1.67414721384222,1.00664308815553
84,"incong/post-corr",1.81205201717506,-0.5743334031195
85,"incong/post-corr",1.69500310310983,0.7934690680687
86,"incong/post-corr",1.830413928483,1.30081346113043
87,"incong/post-corr",1.82365335079444,0.844577483214005
88,"incong/post-corr",2.11111770278882,0.641057432302989
89,"incong/post-corr",1.82067057901152,1.79888178368126
90,"incong/post-corr",1.67211576777253,1.01013338646543
91,"incong/post-corr",1.77356728928966,0.672040510765755
92,"incong/post-corr",1.53104221840995,0.877111488148675
93,"incong/post-corr",1.65995697419682,0.875962410890283
94,"incong/post-corr",1.9141084374749,0.353462249823865
95,"incong/post-corr",1.69655564575946,1.31673579941529
96,"incong/post-corr",1.64288619202379,1.17571350313461
97,"incong/post-corr",1.80278140225725,0.036876013203609
98,"incong/post-corr",1.73564668577199,0.350226056693359
99,"incong/post-corr",1.74342618952302,-0.0858634390050779
100,"incong/post-corr",1.63878759278791,1.10318750683165
1,"incong/post-err",1.79828049225348,0.18570094019742
2,"incong/post-err",1.55700202987957,1.01465683072233
3,"incong/post-err",1.78080334874209,0.492444646497589
4,"incong/post-err",1.66614024768094,1.24798698666811
5,"incong/post-err",1.70335600652101,0.41469355464445
6,"incong/post-err",1.50383529933908,0.063744760185634
7,"incong/post-err",1.68729065942976,0.1421757220005
8,"incong/post-err",1.60966114885099,0.0765102561759701
9,"incong/post-err",1.70670962597801,0.6147798223855
10,"incong/post-err",1.80209361861465,0.43831635103111
11,"incong/post-err",1.59578582521938,-0.602209477021551
12,"incong/post-err",1.71831043194684,-0.32478414409994
13,"incong/post-err",1.654819933374,0.9319893371552
14,"incong/post-err",1.57148938990037,0.278171789849875
15,"incong/post-err",1.81246265378838,-0.59512834853935
16,"incong/post-err",1.79666951152027,0.234421382415035
17,"incong/post-err",1.54488493779609,0.69029928684125
18,"incong/post-err",1.75923129986736,0.65510889215172
19,"incong/post-err",1.6656390837616,-0.0584253512651549
20,"incong/post-err",1.79172653843461,0.798514649051829
21,"incong/post-err",1.716660128197,0.35432852227072
22,"incong/post-err",1.56368630625536,1.35285520375056
23,"incong/post-err",1.72770331411084,0.0882610732228267
24,"incong/post-err",1.68055332104385,0.675833647720425
25,"incong/post-err",1.48990276180314,0.65488502798722
26,"incong/post-err",1.76043557237174,0.6344100269908
27,"incong/post-err",1.60718109023708,-0.1033196095115
28,"incong/post-err",1.71902400678012,0.62437954292746
29,"incong/post-err",1.58185514041289,-0.3125870153471
30,"incong/post-err",1.84884376441485,0.68878070065885
31,"incong/post-err",1.6447620369644,1.46890442662388
32,"incong/post-err",1.72315075864033,0.669631602031997
33,"incong/post-err",1.44639504451513,1.06037486631988
34,"incong/post-err",1.64613784050782,0.59379899499326
35,"incong/post-err",1.6884779505282,0.0632580977478391
36,"incong/post-err",1.69341707786756,0.697762007953885
37,"incong/post-err",1.81819280380115,0.11257634712541
38,"incong/post-err",1.79255381178563,-0.0451501750269999
39,"incong/post-err",1.59891821234022,0.037300432851
40,"incong/post-err",1.6180216564952,-0.0559492449041298
41,"incong/post-err",1.69779563043085,0.39708992552761
42,"incong/post-err",1.57180161039333,0.244147951073679
43,"incong/post-err",1.69206492396909,0.2750670317151
44,"incong/post-err",1.7345620865766,1.10663879511885
45,"incong/post-err",1.74355190046003,0.561078134317007
46,"incong/post-err",1.58190696569147,0.574856518907765
47,"incong/post-err",1.63896919365586,0.20000117314377
48,"incong/post-err",1.5201236189047,-0.549033962797735
49,"incong/post-err",1.43846904832777,-0.475129161994942
50,"incong/post-err",1.71054401131636,0.33414449072555
51,"incong/post-err",1.73554794809886,-0.0666675484351998
52,"incong/post-err",1.59970706978193,-0.27901784837705
53,"incong/post-err",1.76325866840842,-0.181543784932554
54,"incong/post-err",1.82332916138227,0.641533085450873
55,"incong/post-err",2.00065120654059,0.64969432688
56,"incong/post-err",1.73319112509306,0.76542741830701
57,"incong/post-err",1.60267140674978,0.7168058134374
58,"incong/post-err",1.50100475329429,-0.69958989342975
59,"incong/post-err",1.67697952355576,0.942424217227335
60,"incong/post-err",1.78072991581162,-0.1229399065155
61,"incong/post-err",2.030264646708,0.3556408823835
62,"incong/post-err",1.78813714362862,-0.0229371952537999
63,"incong/post-err",1.70582652007427,-0.59456042549115
64,"incong/post-err",1.6010253946685,-0.093608777183995
65,"incong/post-err",1.53297605489307,0.0821776944645
66,"incong/post-err",1.62122439122014,0.677660679364424
67,"incong/post-err",1.7781768082233,0.730415304837572
68,"incong/post-err",1.70579228948607,0.275011058846835
69,"incong/post-err",1.70046806106322,0.20902837085874
70,"incong/post-err",1.64129031054388,1.33372851271853
71,"incong/post-err",1.56330799973432,0.5520836421797
72,"incong/post-err",1.74769730223108,0.319060393271261
73,"incong/post-err",1.62049244320242,0.28787935632945
74,"incong/post-err",1.73536080643489,0.505983496086668
75,"incong/post-err",1.82898191938051,0.103533547508575
76,"incong/post-err",1.53125431716961,0.897139091481017
77,"incong/post-err",1.55982566390272,1.09916408356166
78,"incong/post-err",1.7871637876919,1.20148767413827
79,"incong/post-err",1.59332420703731,0.784080182523465
80,"incong/post-err",1.57867294121516,0.429501123931344
81,"incong/post-err",1.80941717490359,0.284470868406315
82,"incong/post-err",1.81356858118794,0.033586755907384
83,"incong/post-err",1.60051389779438,0.757862048093345
84,"incong/post-err",1.73235329189417,-0.3523669864805
85,"incong/post-err",1.62045249121536,0.1794172398183
86,"incong/post-err",1.74990759894401,0.15204603424232
87,"incong/post-err",1.7434443689137,0.894823259874005
88,"incong/post-err",2.0182652966573,0.865783759606511
89,"incong/post-err",1.74059278713342,0.449603868717435
90,"incong/post-err",1.59857179996674,0.623911957379339
91,"incong/post-err",1.69556122168425,0.447466514170245
92,"incong/post-err",1.46370302946728,-0.172109094138675
93,"incong/post-err",1.58694778151875,0.189603893592717
94,"incong/post-err",1.82992100738447,0.280043203906135
95,"incong/post-err",1.62193674903158,1.0418997548238
96,"incong/post-err",1.57062781641159,0.846324268842614
97,"incong/post-err",1.72349042255127,1.31242203277839
98,"incong/post-err",1.65930846419617,0.570572399016642
99,"incong/post-err",1.6667458052905,-0.992944929994922
100,"incong/post-err",1.56670948415008,0.24381770853435
