"variable","mean","median","sd","mad","q5","q95","rhat","ess_bulk","ess_tail"
"beta_nu_intercept",1.16833846945,1.1684358,0.0294253966425608,0.02900640183,1.11971954,1.216875315,1.00061713467165,1565.11504227622,2372.88110694728
"beta_nu_c",0.4989745982325,0.49908681,0.0323028036081136,0.0316638882,0.444732862,0.5516396925,1.01637399200412,437.398105088432,805.968578765858
"beta_alpha",0.40180986571,0.40179263,0.0100081455000499,0.010095935199,0.385571696,0.418146447,1.00461784493599,657.181589898653,1378.07422537869
"beta_tau",0.2273174513075,0.22744495,0.00708147281625591,0.00703601929799998,0.2157586535,0.238902726,1.00333180819168,1075.05588558635,1957.21314698396
"beta_w",0.2504478710125,0.250127585,0.0362303391210593,0.036789051075,0.191910225,0.31132262,1.0006482107709,1567.90336464197,2307.51331048288
"sigma_nu_intercept",0.2235373082475,0.22257364,0.0239958283178333,0.022649806221,0.186237775,0.2662909615,1.00140074723709,1424.33284339579,2137.19855758033
"sigma_nu_c",0.32202027411,0.32040284,0.0250011030727311,0.0246343330379999,0.2835671395,0.366714133,1.00065041653849,732.762818450046,1499.87731992246
"sigma_alpha_intercept",0.08837679460975,0.088021465,0.00717218300964751,0.00716737839930001,0.0772467352,0.1009060315,1.00521264868053,1069.83640769353,2169.58936538803
"sigma_tau_intercept",0.05767194644675,0.057392507,0.00553806143261583,0.0054981427809,0.0490266229,0.06723008365,1.00119184362467,1524.07648594877,2407.9281000006
"sigma_w",0.26909972974,0.26777827,0.0300959990315513,0.029610531678,0.220990142,0.321304554,1.00254890553799,1263.56392775002,1549.64480213208
"w_pop_median",0.5622665727525,0.562207905,0.00891314356669026,0.00904704017700009,0.547830844,0.5772080665,1.00064818333047,1567.90235333735,2307.51331048288
"nu_intercept[1]",1.340471661435,1.3412874,0.135126719064145,0.13465758978,1.103709655,1.55848947,1.00111427252878,2678.33507638016,2777.04183443312
"nu_intercept[2]",0.88599014147,0.88553131,0.0975023579503098,0.096857857698,0.7226007655,1.04168592,1.00146665562837,3745.10148854755,3010.36328096596
"nu_intercept[3]",1.55374129695,1.55349555,0.128952342709882,0.12855854403,1.342693945,1.763741695,1.0000381278026,3151.89322804582,3326.038838703
"nu_intercept[4]",1.2260815003275,1.2267771,0.125416989876291,0.12842473938,1.020922345,1.432510395,0.999836587262513,3715.76407671163,3002.94074122057
"nu_intercept[5]",1.1473565456175,1.1468606,0.133897655227055,0.13371680595,0.924997212,1.370254895,1.00149592507376,3265.33144873265,2830.59857789032
"nu_intercept[6]",1.2604110595025,1.2620849,0.128748595521965,0.12541861962,1.04364495,1.47210148,1.00038893009906,3098.77704939296,2809.32656069368
"nu_intercept[7]",1.536323391695,1.53879845,0.143133179971087,0.13888314804,1.294384715,1.775000645,1.00018003559396,2870.2955025813,3062.44850082981
"nu_intercept[8]",0.93568881998,0.93556095,0.109638319969456,0.111378204882,0.757610016,1.11529867,1.00076333967898,3857.36752312222,3091.74357304011
"nu_intercept[9]",0.907839976095,0.91066753,0.138020259599406,0.136751043219,0.677632545,1.132510365,1.00010033808567,3128.03778506303,3342.05243011188
"nu_intercept[10]",1.0935685237475,1.0920389,0.121366127314288,0.12481660989,0.894562136,1.292086635,1.00185894332253,3689.4632865321,3016.00622951958
"nu_intercept[11]",0.662200740205,0.66607912,0.11891475889673,0.12235134261,0.467383494,0.855609307,1.00150631346357,3258.66713626298,3366.79434567798
"nu_intercept[12]",1.09508531879,1.0940184,0.117863680575814,0.11582263938,0.900224223,1.28886737,0.999602869134779,3239.89293034807,2944.34078272265
"nu_intercept[13]",0.9284894722125,0.930688975,0.118993770170976,0.115863299685,0.72748023,1.12205283,1.00022649660429,3531.65135881055,3330.57690094487
"nu_intercept[14]",1.303393889185,1.30353755,0.131170830124219,0.12990274332,1.086178075,1.517182955,1.00152891422639,3018.85058073808,3108.21615834964
"nu_intercept[15]",0.9704754681175,0.97394563,0.120423697027527,0.116956924749,0.766762765,1.164463605,1.00061442090433,2897.10953861894,3095.26746948842
"nu_intercept[16]",1.2283134161675,1.2297459,0.132739802059734,0.1287904968,1.00874668,1.44311938,1.00060790569604,2977.46820497078,3363.95128302118
"nu_intercept[17]",1.40296346742,1.40534715,0.13247228239588,0.13144279407,1.182716825,1.61830716,1.00015186093361,3000.70924534593,3040.77511413748
"nu_intercept[18]",1.26171752934,1.26353795,0.125797420856623,0.12880873278,1.05722503,1.464757895,1.00122244875091,3322.52153391823,2780.71750105476
"nu_intercept[19]",1.1463184779275,1.1475297,0.122508912126691,0.12316655022,0.943689113,1.34963618,1.00109062422475,3722.85876934598,3315.30462207826
"nu_intercept[20]",1.1613615296725,1.1614045,0.122024949184866,0.12175659762,0.956365998,1.358690005,1.00074687804928,2684.5434776283,2728.73428597254
"nu_intercept[21]",1.17490768638,1.1735106,0.119594205600333,0.11928569646,0.977444204,1.369708345,1.00018820132072,3053.91085070158,3211.47227156844
"nu_intercept[22]",1.4349253626275,1.4343674,0.143124038163632,0.14158526067,1.20025822,1.67105498,1.00238055488499,2661.98970476038,2846.94238533884
"nu_intercept[23]",1.2897392962225,1.28774015,0.132576334000387,0.1328142732,1.06916025,1.504473975,1.00132487490408,2657.41981545333,3040.49969626523
"nu_intercept[24]",1.1451911098975,1.14256085,0.128100402464177,0.12833815554,0.9300171765,1.356300495,1.00107178070865,3056.02020666417,2766.26067017996
"nu_intercept[25]",0.909506952125,0.910047855,0.118043245850864,0.119828676471,0.714854532,1.10069335,1.00068584702466,2867.85446372402,2719.18274696652
"nu_intercept[26]",1.14455887391,1.1487751,0.123584535433494,0.12592403796,0.94174203,1.34464883,1.00235341214455,2719.29117959249,2475.17357703376
"nu_intercept[27]",1.037398268285,1.03917235,0.1195962701164,0.118826260959,0.8359798695,1.233177225,1.00159607628668,3221.08649402607,2717.0159372712
"nu_intercept[28]",1.26129962851,1.26273485,0.12655113375499,0.12673183257,1.04860293,1.466033235,1.00081969801738,2997.88381582246,2838.87428712457
"nu_intercept[29]",1.297905253205,1.29863005,0.126428126772485,0.12913786998,1.08908731,1.502828825,1.00103804177144,3573.76308904695,3132.6124424551
"nu_intercept[30]",1.139235246,1.13904585,0.12636987879507,0.12750196914,0.9328087155,1.34491101,0.999834879621551,3092.20631690277,2774.52031550394
"nu_intercept[31]",1.1069747986175,1.106396,0.128509879127772,0.12746920368,0.893136572,1.318514805,1.0012280007767,3123.25043917717,2863.87938915322
"nu_intercept[32]",1.40815632354,1.4099619,0.125022022158614,0.12596799705,1.19861449,1.610738255,1.0006826253078,3098.71876458275,3131.67235303906
"nu_intercept[33]",1.2335038003775,1.23744795,0.125598597345483,0.12639083457,1.024261515,1.43929678,1.00024928568567,3711.75703753061,3028.78885135665
"nu_intercept[34]",1.2665496559625,1.26789275,0.131006349403599,0.13330360533,1.05216146,1.478489855,1.0002396354991,4064.69068054918,3223.0545936028
"nu_intercept[35]",1.40770042298,1.40666895,0.120877672887014,0.12190915716,1.20894775,1.60806076,0.999938063286713,3074.51817104145,3092.67302513279
"nu_intercept[36]",1.2287819360825,1.23134455,0.12377527717564,0.126384237,1.02271002,1.42798959,1.00217506817161,2681.22915422352,3114.1348730236
"nu_intercept[37]",1.085370635625,1.08715925,0.114810603428011,0.11398117605,0.8912977765,1.271456805,1.00033899452266,3137.62578312195,3192.16215463414
"nu_intercept[38]",1.2117404301875,1.2126757,0.131963484919983,0.12984944385,0.9893756755,1.42763492,1.00109523990408,3237.50827085697,3186.4384658833
"nu_intercept[39]",1.169124622965,1.16777025,0.132643308835275,0.12825342495,0.951051741,1.386276365,1.0007200460631,2616.34936327594,2746.46162583045
"nu_intercept[40]",1.547400317035,1.5498542,0.167482982632113,0.16778309919,1.26641164,1.820011375,1.00017393131019,2795.54163046293,3175.80776281095
"nu_intercept[41]",1.258208241425,1.25866045,0.138847269275405,0.13753583529,1.025218895,1.48149985,1.00035976720548,2901.60062424029,2814.24648669863
"nu_intercept[42]",1.113087188765,1.1129638,0.121713304376785,0.12327174069,0.909557413,1.30914224,1.00002319696008,3048.58313803671,3003.44768800084
"nu_intercept[43]",1.2943740882175,1.29647885,0.125821810097417,0.12428161368,1.086431935,1.50217717,1.00125710491109,3503.55370153194,3099.42500900756
"nu_intercept[44]",0.8544512465425,0.853080175,0.103850175524573,0.101339535108,0.687525157,1.02619554,1.00078747114611,3463.52936946154,3233.21497609007
"nu_intercept[45]",0.9536684519525,0.956788325,0.107899229401057,0.108006765069,0.7766018045,1.1284056,1.00036742855381,3080.31381799577,3035.80092539457
"nu_intercept[46]",1.425799560835,1.4279439,0.133951580447056,0.13495855758,1.205046545,1.643358885,1.00165750354036,3030.77899984979,3232.76550800407
"nu_intercept[47]",1.207901338635,1.209627,0.125641898289294,0.12764785698,0.9986642265,1.40940756,0.999995344722463,2558.37842487989,2820.7325349017
"nu_intercept[48]",1.10765946551,1.1117686,0.125838807644471,0.12648260751,0.8977962865,1.307562995,1.0000150791455,2924.06502353066,2751.17589437507
"nu_intercept[49]",0.9312356067475,0.93357564,0.112769982316463,0.116953700094,0.742045035,1.109276045,1.00003876991469,3062.35940413857,3185.76900169456
"nu_intercept[50]",1.1465519266,1.1494553,0.13891511447722,0.13805066814,0.911207573,1.36956266,1.0005199736403,3133.49908967786,3090.05843232338
"nu_intercept[51]",1.4313849848825,1.43248525,0.131642851923186,0.13510051653,1.216687035,1.644356325,1.00045724914852,2799.33218853135,2787.82210796484
"nu_intercept[52]",1.1315894824375,1.1315118,0.108861382254025,0.10979638929,0.9548759875,1.314658915,1.00145537810788,3519.49605235507,2861.6300893552
"nu_intercept[53]",1.4225867691,1.421285,0.12638724292483,0.12743829147,1.209743525,1.62817818,1.00093747783802,3195.23130884644,3218.23478336836
"nu_intercept[54]",1.0512161866075,1.0503482,0.122719098060837,0.1230083568,0.850847178,1.25191667,0.999705548437198,2933.11557152717,3077.92635723487
"nu_intercept[55]",0.930141824455,0.932540895,0.11430580646906,0.117498118227,0.7405265005,1.11538833,0.999772846691778,3156.09834914948,3091.37180108886
"nu_intercept[56]",0.94286516947,0.94686329,0.124182115629223,0.125633055471,0.7343550505,1.14202436,1.00131715575715,3484.62814546281,3326.45976671755
"nu_intercept[57]",1.47835655674,1.4801393,0.147072441519546,0.1480064754,1.23398014,1.71573099,1.00027918316223,2732.65464446705,2869.53426810614
"nu_intercept[58]",1.3413765722275,1.3394244,0.127112642861458,0.1241773869,1.132824875,1.55319792,1.00122274725963,3474.35007794148,2715.40859272607
"nu_intercept[59]",1.156096351065,1.1533075,0.134453640003805,0.13203323952,0.93471096,1.37968038,1.00077785538697,3054.86628297087,2615.45433460578
"nu_intercept[60]",1.2550921407525,1.25791095,0.116187226193295,0.11670093162,1.06220492,1.439978545,1.0013203190091,3705.77917837897,3121.10672803357
"nu_intercept[61]",1.43183826611,1.43395145,0.130622313928807,0.13287913695,1.214371435,1.639174125,1.00033807561968,2842.47433446033,3040.58735024312
"nu_intercept[62]",1.062932358865,1.063815,0.128873867687466,0.128454339489,0.848979673,1.26684493,1.0009332130158,3382.34759318089,3011.87229302043
"nu_intercept[63]",1.0794788805475,1.07977845,0.116924097206849,0.11838294132,0.8908752675,1.273304435,1.00087175912812,3361.46887303165,3269.93013254675
"nu_intercept[64]",1.17388065348,1.17335505,0.127520102163941,0.12770441817,0.961802474,1.382916795,1.00045186006494,2831.34252388292,2857.62911405299
"nu_intercept[65]",1.118949764315,1.11984665,0.119923142976388,0.11672672886,0.9211923365,1.320777605,1.00142117362872,2719.07510718435,2744.24168899672
"nu_intercept[66]",1.232727037375,1.2362831,0.135674047328688,0.13219758573,1.00283556,1.45433527,0.999904608432642,2734.43230026133,2563.50534414938
"nu_intercept[67]",0.96624663587,0.96581152,0.109872903967615,0.10986703518,0.7786264125,1.148022185,1.00134741106424,3215.40075485644,3418.74417175887
"nu_intercept[68]",1.2264189803575,1.22948835,0.126842838470886,0.12450326238,1.013728675,1.431879575,1.00230819283368,3028.6819702243,2885.09462741394
"nu_intercept[69]",0.96859213571,0.970555835,0.10762575762491,0.107160511815,0.785646145,1.142458155,1.00060078397569,3071.79793120868,3067.80730404897
"nu_intercept[70]",1.19980556615,1.20131625,0.11632992851145,0.11312727258,1.0024759,1.3899316,1.00322465246735,2748.92571844409,3068.63042232876
"nu_intercept[71]",1.07184515568,1.07578905,0.124903486151695,0.122155735779,0.856812895,1.27431713,0.999692779894589,3130.22636190255,3086.84488811646
"nu_intercept[72]",0.9702339307275,0.97221891,0.115128739535929,0.115243446864,0.7801383635,1.15366682,0.99997220102602,3006.06712203264,3058.74534743676
"nu_intercept[73]",1.1284771030825,1.12899535,0.116689690787693,0.11875418436,0.9397084865,1.319885085,0.999898656318206,3770.68815086325,3490.29829416995
"nu_intercept[74]",1.6338636942,1.63719575,0.152913465426252,0.15419017761,1.379331205,1.88127731,1.00035001531513,2415.92463036833,3213.92940242332
"nu_intercept[75]",1.1734406482525,1.1772273,0.128495492953798,0.12675889002,0.9596092565,1.380302545,1.00030227754976,3241.44958099151,3394.58988537138
"nu_intercept[76]",1.0054558542,1.00632415,0.123146570845256,0.124540305141,0.802076324,1.20786244,1.00095025092524,2869.22072311722,2810.31917462654
"nu_intercept[77]",1.0447762277575,1.047803,0.120623999539226,0.11822926983,0.843389729,1.236766255,1.00001099697865,2636.65584826906,3165.16972481598
"nu_intercept[78]",1.037987073495,1.0376945,0.101151671225668,0.0994912814700001,0.872348139,1.200977455,1.00076240039448,3184.12386099069,2689.47694713329
"nu_intercept[79]",1.135311844465,1.1359482,0.117891277848851,0.11921942424,0.9402940435,1.322519535,1.00065463821575,3229.66912611781,2990.70182037841
"nu_intercept[80]",1.3349402448075,1.34176195,0.149008034994153,0.14625641436,1.085794305,1.577381305,1.00087641548819,3358.5453412575,3334.56568635936
"nu_intercept[81]",1.198359441845,1.1992441,0.126730710557818,0.12719736897,0.989477835,1.40508291,0.99962089819841,2724.13827997832,2850.56997893779
"nu_intercept[82]",1.3504917254475,1.3527899,0.131062429339247,0.12994900044,1.13449744,1.563846085,1.00111777855834,3154.23873264628,2734.29221965721
"nu_intercept[83]",0.9095195883825,0.911019625,0.139605339303688,0.138838929495,0.681923467,1.13693657,1.00010828541811,2895.70042486309,2663.93442591706
"nu_intercept[84]",0.8637388113625,0.865548705,0.100885757474391,0.101577840819,0.699069353,1.02637594,1.0007180922476,2639.35261254193,3150.00975301609
"nu_intercept[85]",1.2488406035125,1.25077055,0.123603886146736,0.12544463925,1.043575865,1.44807901,1.00087352950694,3083.68789585837,3144.49876775724
"nu_intercept[86]",0.9515261687175,0.95255958,0.106673288925296,0.108083311707,0.772488559,1.12390814,1.00318023444102,3627.56177342937,2955.52675935642
"nu_intercept[87]",1.18467145815,1.18674135,0.119701851895904,0.12030891285,0.990291712,1.379047675,1.00230111927929,2845.75900849072,3188.96286557025
"nu_intercept[88]",1.0588436093125,1.0601684,0.103985969317003,0.10299370158,0.8861596805,1.228511405,0.999823479754122,3167.37707928098,2942.58792956441
"nu_intercept[89]",1.122228937025,1.12191865,0.125911803953493,0.12326803419,0.9122117175,1.326762215,1.00217934056726,3416.38976666648,3077.21931297398
"nu_intercept[90]",1.4980007798,1.49908705,0.137034432815927,0.13764628899,1.27532622,1.724677345,1.00068104683681,2843.82818943558,2675.6713217933
"nu_intercept[91]",1.159547550015,1.16052395,0.116346347541729,0.11684452143,0.9701853165,1.34800407,1.00095476368161,3314.50617173679,2659.4220845715
"nu_intercept[92]",1.4350649821425,1.4309883,0.134941312292267,0.13716303552,1.220843665,1.66248342,1.0009878414455,2868.942717316,3338.87713239447
"nu_intercept[93]",0.9789307667975,0.98204699,0.130157240898648,0.126466195128,0.7519679795,1.19355014,0.999928853113013,3486.1767736312,2986.55239717999
"nu_intercept[94]",0.8798647807,0.88123125,0.120059639980025,0.121844797494,0.6798482325,1.075193105,1.00006766984925,3156.19552180529,3086.53285594901
"nu_intercept[95]",1.2861655735975,1.2871423,0.128592597561331,0.13227156747,1.069448675,1.49225912,0.999880155698558,3207.89600120694,2754.97923719666
"nu_intercept[96]",1.0299508644925,1.034731,0.122987911643964,0.12329056971,0.8246535935,1.22676658,1.0020667849855,3235.33241401391,2910.34725212712
"nu_intercept[97]",1.0905294225175,1.0921173,0.137844080726402,0.13922903862,0.8568621945,1.31204962,1.00062553052978,2717.20127084329,2723.10621258096
"nu_intercept[98]",1.09236546394,1.09311715,0.129084064219257,0.12835639152,0.8808771155,1.304421205,1.00107300369612,3621.14220759236,2809.16161290227
"nu_intercept[99]",1.34576332804,1.3471275,0.147875060207691,0.14688763131,1.103034405,1.59061847,1.00165247170237,2909.6034402292,2969.45998529166
"nu_intercept[100]",1.1448749001025,1.1465273,0.123884241429726,0.12295698471,0.931375322,1.345779705,1.00062583332583,3002.24142005749,3031.61135361418
"nu_c[1]",0.4692457454225,0.4685163,0.0863250766284701,0.08688236151,0.3267175975,0.6094594515,1.00041947812328,5254.47215065176,3316.20673325009
"nu_c[2]",0.8781155866425,0.877807725,0.0772613280057215,0.075530286048,0.7550323425,1.0075992,1.00028755372791,5718.20536198342,2971.4775053521
"nu_c[3]",1.0453271778025,1.04826625,0.0997366186240431,0.10082228562,0.877471501,1.204200455,1.00012281420134,4224.86570461723,2805.03073060778
"nu_c[4]",0.760961811115,0.76126664,0.099958581129563,0.097847997282,0.5942943645,0.9279881975,1.00022955904568,5844.67249010268,3232.28644696663
"nu_c[5]",0.5509472267525,0.55146385,0.0962597011652828,0.093508041606,0.391270257,0.7081474795,1.00125989090661,5582.56142032396,2818.71744654605
"nu_c[6]",0.65826560273,0.65881633,0.0839747901559957,0.0835009141469999,0.52252057,0.792308482,1.00144292986409,5918.24541893435,2806.84295588188
"nu_c[7]",0.9140314124675,0.91593282,0.101751176959433,0.100183018152,0.7441190185,1.082970625,0.99993702142376,4818.31399034591,3090.36728443039
"nu_c[8]",0.89445882457,0.893697135,0.0878055251936798,0.088915406412,0.7534785865,1.034838765,1.00084360096868,5928.80591177663,2962.25370438403
"nu_c[9]",0.23763820837527,0.2339395,0.0985905847885557,0.09794530032,0.077256898,0.403383555,1.0003987930527,5456.89401639421,2871.02192647752
"nu_c[10]",0.942258208145,0.94239996,0.0937119230839842,0.092065064091,0.7880699255,1.097969125,1.00025230771269,6253.44577263169,3003.71463605584
"nu_c[11]",0.630899612335,0.63088238,0.0950640661490194,0.096152414379,0.479064447,0.789240831,1.00022931493826,5199.63161094479,2875.89409908883
"nu_c[12]",0.4391871744925,0.438485985,0.0843961032498299,0.084363438936,0.304906986,0.575166213,1.0007931167562,6250.21430039654,3029.78339595325
"nu_c[13]",0.5126167921225,0.512285615,0.0832105407296247,0.082793676882,0.375617943,0.651385253,1.00059924190663,6144.03057877745,2674.60127989206
"nu_c[14]",0.461578327635,0.464281465,0.0831932091298542,0.084144473742,0.322698871,0.5984595575,0.999796652840877,5556.84011951312,3114.23650123224
"nu_c[15]",0.139180953945598,0.13855602,0.0737412946438571,0.0732558582987,0.0170114146,0.2603837495,1.00119534769755,6763.77305750261,3072.9856228872
"nu_c[16]",0.6062885278275,0.607805875,0.0905472246258954,0.091275587004,0.45658654,0.758707457,1.00030982066379,6160.04575613865,2903.15178850693
"nu_c[17]",0.6402388347525,0.640851735,0.0900401116248765,0.0918018507,0.4936800645,0.783125876,1.00043289332665,5616.590117427,2762.98281889516
"nu_c[18]",0.7528733373025,0.75353188,0.0879471462680204,0.0866680294409999,0.605940401,0.8960939255,1.00168280337185,6274.29940388471,3083.95424770128
"nu_c[19]",0.85754649633,0.858678755,0.0942051318113252,0.093115426887,0.69848366,1.010520665,1.00194170010075,4586.1232347742,2812.42326690592
"nu_c[20]",0.31424070187,0.313481965,0.0748645167504196,0.075123846084,0.1912290055,0.4360705635,1.00258892536157,7016.65139712858,2779.53588363501
"nu_c[21]",0.574692022345,0.57469855,0.0825270553128974,0.081015357486,0.438124451,0.709229161,0.999934638362379,5980.64693002324,3177.05686517633
"nu_c[22]",0.286518548465228,0.286767435,0.0880119089839598,0.089861253321,0.140973518,0.4305090575,1.00192024124901,5901.15263309339,2687.03952703189
"nu_c[23]",0.150461725971049,0.149434045,0.0857713906604904,0.0840195216966,0.01144845395,0.2917380815,1.0014487861235,5791.25736342611,2899.49723966466
"nu_c[24]",0.541735781295,0.54287432,0.0856694624509021,0.087936727326,0.4047057855,0.6832485955,0.999818017505608,4935.77561312512,2531.92149447339
"nu_c[25]",0.3832634646575,0.3822553,0.0777018773133292,0.076497474984,0.257253469,0.5128825525,1.00192641225522,6936.22697867834,2688.65280913952
"nu_c[26]",0.64849258772,0.65038939,0.0853804877473962,0.0856212248850001,0.5075518805,0.789082474,1.00294006777762,5970.63932262509,2867.17479911382
"nu_c[27]",0.31229000807975,0.311926945,0.0784473321398998,0.0777259425179999,0.182274776,0.442831811,1.00141237042993,7808.50721129469,2957.56212193223
"nu_c[28]",0.7744374059675,0.775096105,0.0858676092027644,0.086354511432,0.6325346625,0.914369306,1.00096572218527,6542.15896084768,2927.67962362618
"nu_c[29]",1.448883840375,1.4497834,0.100996263313193,0.10031582946,1.27977586,1.61122071,0.999969464518609,5368.75640433424,2845.23716008162
"nu_c[30]",0.33530291821675,0.336198815,0.0886226611573227,0.08909328876,0.1895721355,0.4796749635,1.0006401339483,6170.55917734379,2790.85551269363
"nu_c[31]",0.013405928214959,0.01291237,0.0841113833087014,0.0848893660818,-0.124804445,0.150803468,1.0023877619345,6284.87695245136,2915.47735143507
"nu_c[32]",0.8008033391775,0.80145444,0.0823444440974899,0.080349647847,0.6632575615,0.936763924,1.00133152555562,5496.78063316148,2969.2801081467
"nu_c[33]",0.8519214391025,0.854109705,0.093383552019338,0.093626597715,0.696679728,1.006170985,1.00138663161704,5491.89605177883,2872.81195103265
"nu_c[34]",1.07767159178,1.0798393,0.105217116442598,0.10413819465,0.903251176,1.246478295,0.999853971001695,5382.75022082108,3040.13300237423
"nu_c[35]",0.7309886816725,0.73178302,0.082835174574545,0.081789534141,0.591460987,0.8633965065,0.999911041140124,5203.16896320158,3186.57968243671
"nu_c[36]",0.4697371372025,0.467740885,0.0809744771172143,0.080704500744,0.3376008605,0.6059458555,1.00202095965178,6179.33238573006,3057.10213650632
"nu_c[37]",0.50753543101,0.507495925,0.0841858295989784,0.0807880674929999,0.366100226,0.6501439545,1.0003125482405,4748.64435349745,3054.09383253531
"nu_c[38]",0.5487199438275,0.549052885,0.0958164817512388,0.0944138286630001,0.393711266,0.710619872,1.00188112973323,5186.04227564841,2966.61708799177
"nu_c[39]",0.151094870366772,0.1518612,0.0848915392874447,0.0839466845238,0.01138727195,0.2922014775,1.00231565636617,6218.85537171378,2732.78208198277
"nu_c[40]",0.229696937575685,0.229033345,0.11349087453147,0.115234091658,0.04351816335,0.4163828585,1.00124759444873,5668.00204380225,2695.48612849001
"nu_c[41]",0.231648422064802,0.23168968,0.0893839733695388,0.085629742422,0.0820249434,0.3808331315,1.00140862175512,6552.5426265048,2857.50905706546
"nu_c[42]",0.164953861685992,0.16431227,0.0744740773163408,0.073101053361,0.0440305812,0.289543452,1.00165238173186,6836.00076431213,2897.86448402313
"nu_c[43]",1.0571101529325,1.06166175,0.101506610783813,0.10048277022,0.8830859385,1.222531925,0.999806887934297,4630.15939121184,3156.6276111531
"nu_c[44]",0.51983386435,0.519379195,0.069462927555448,0.068438061384,0.4071893865,0.6319711965,1.00070140987608,5737.74019861918,2882.84814949905
"nu_c[45]",0.434737333765,0.4341422,0.069718373680434,0.0716875869990001,0.321959776,0.548874922,1.0007361194223,5914.85059413617,3223.8728048415
"nu_c[46]",0.3149676133695,0.31370597,0.0825611398073085,0.084651085575,0.179839116,0.448913482,1.00075717089174,7066.01900667351,3294.18681632198
"nu_c[47]",0.6217633812025,0.621380745,0.0843340520074729,0.086632491519,0.484142256,0.762617339,0.999854946415185,5812.8840137542,2772.99015667247
"nu_c[48]",0.066522807990096,0.0674533145,0.083572341216705,0.0826971900153,-0.0721579406,0.201839239,1.00116585272228,6749.95640699406,2737.77927117407
"nu_c[49]",0.207031781122767,0.207971265,0.0779368828082058,0.078673049637,0.0780234305,0.3332936685,1.0006753251036,6425.66236995587,2211.87689457865
"nu_c[50]",0.511468818955,0.51466722,0.0969211717455402,0.094507380723,0.3500539725,0.669316743,1.00181709238685,5443.78774082075,3020.78578316523
"nu_c[51]",0.4583511776925,0.45916121,0.0833311275161777,0.084201813297,0.3188516465,0.5937541075,1.00049864650061,5344.19453374259,2898.16310685186
"nu_c[52]",0.866194884435,0.867099085,0.0887833439354207,0.090229857333,0.7184467345,1.008029115,0.999807771373295,5476.16330662232,3088.26542077421
"nu_c[53]",0.6664065995025,0.666586465,0.0852221019427088,0.085750292628,0.5289595695,0.8058558435,1.00012724185103,6054.83506135434,3232.92248286495
"nu_c[54]",0.3148506172555,0.3144336,0.0820587571275239,0.084344713698,0.1824079825,0.4480137105,0.999661358198678,6581.26543726373,2939.84168412626
"nu_c[55]",0.151068489777848,0.149934735,0.0749832908936493,0.0770906284029,0.02996199085,0.276293756,1.00138425036749,7338.77022251131,3222.10278022586
"nu_c[56]",0.29063937461075,0.290412465,0.0859401822754305,0.087847964064,0.1469162285,0.4299588025,1.00024469428823,5992.66903758564,3078.50681057176
"nu_c[57]",-0.258083265006365,-0.25856625,0.10314258750346,0.104709092019,-0.4235164245,-0.08873037105,1.00043325611759,5490.21105786975,3108.13307038287
"nu_c[58]",0.5077574764325,0.50856001,0.094538648516884,0.095018047467,0.348758131,0.6608390635,1.00182468386852,4838.54035854513,2696.20844241677
"nu_c[59]",0.42648177666975,0.427137135,0.0945662574463075,0.095031487236,0.2691128105,0.579758983,1.00245482427326,6819.31843725937,2774.32253638033
"nu_c[60]",1.1338811052225,1.1355056,0.0990527917244805,0.09819148605,0.971536027,1.29527355,0.999889451929499,5395.86331810227,3248.71622872629
"nu_c[61]",0.180497349931802,0.18089855,0.0757465222747888,0.074132928135,0.0528137433,0.3077024005,1.00101119611885,6983.99923807953,3059.83856179151
"nu_c[62]",0.29479338839281,0.294255805,0.0884514962440611,0.086973029913,0.1500776705,0.4403988505,1.00291381120618,6867.17569925243,3166.78135202109
"nu_c[63]",0.78388616984,0.783247405,0.0842266515694188,0.085086073002,0.6482575935,0.92335694,1.00061887782262,6455.82882909771,2825.52288551164
"nu_c[64]",0.656584345095,0.65542312,0.0813776962137276,0.081112764306,0.5237434185,0.7928263705,1.0033626720784,6706.26225802172,2492.75694255954
"nu_c[65]",0.7767570472925,0.777239575,0.0868106815626059,0.0860031278190001,0.629136114,0.9202662285,1.00007782624057,6930.82664038616,2776.21746313049
"nu_c[66]",0.6273528414025,0.627257865,0.0877264121930074,0.089568884601,0.483833494,0.7714189835,1.00048419237285,6346.65336554059,2899.23820326286
"nu_c[67]",0.577752001775,0.57727557,0.075242370397252,0.0734685305969999,0.455304564,0.7038804235,0.999538319332997,6544.19744516135,3196.9537318963
"nu_c[68]",0.49863071588,0.49652641,0.0871868033345727,0.087589613601,0.3556125005,0.6405814425,1.00097427901202,6030.64247403398,2703.13000868282
"nu_c[69]",-0.0964747280113263,-0.0966574795,0.0656239100246718,0.0658446537273,-0.201762715,0.01175016895,1.00115520791988,8799.31633377517,2915.15337351067
"nu_c[70]",0.48968168233,0.48967725,0.0774006735768477,0.076905049137,0.3653757385,0.6170616375,1.00058151076965,6715.96027911294,2523.39285263364
"nu_c[71]",0.481550071925,0.48321979,0.0853312174339225,0.086430479856,0.3440697,0.623214725,1.00000702332998,6272.99659156992,2831.10114902861
"nu_c[72]",0.165762148517718,0.1665046,0.0711040516097828,0.069590857014,0.04745580455,0.280832736,1.00038342783472,6841.75286549368,2844.43927173981
"nu_c[73]",0.9965450233475,0.997697405,0.087324281168093,0.0864686271540001,0.8509162615,1.138360935,1.00083961009273,6122.69990091861,2813.86179877014
"nu_c[74]",0.152330750394191,0.151084895,0.0822857926309331,0.0803640253605,0.02026601975,0.286941095,1.00130035419092,5903.67393175856,3044.75412731663
"nu_c[75]",0.24812181114905,0.24661089,0.0792614596469972,0.078799255962,0.119026426,0.376847802,1.00065004626298,6414.49664115291,2769.33070459661
"nu_c[76]",0.26338361626975,0.26228909,0.0804043233177459,0.080625470751,0.133778978,0.393134767,1.00131298991724,5441.22673039424,2489.08613470259
"nu_c[77]",0.325140805798,0.32476659,0.0791757702417226,0.077460623835,0.1952743965,0.457918648,1.00099197686747,6965.85561982028,2498.79247784248
"nu_c[78]",0.4914127099325,0.491015345,0.0682855176465545,0.0686967380190001,0.379771394,0.603249366,1.00104040668124,5519.5077275865,3229.55575663664
"nu_c[79]",0.59449182232,0.594826925,0.0830715799699141,0.083822408544,0.4591928605,0.729052613,1.00129784069951,5966.15129902846,2674.75769798195
"nu_c[80]",1.46595127795,1.467743,0.128169111521263,0.12927871698,1.25112049,1.67133416,0.999897909774959,4338.63506344046,3349.69664436252
"nu_c[81]",0.417187787575,0.415970545,0.0827568352670366,0.080468604258,0.281998641,0.5538489615,1.001934266048,5199.76190884492,2792.47116654931
"nu_c[82]",0.12837492885119,0.127492645,0.084634673572942,0.0839668019232,-0.012225475,0.26666486,1.00326451993668,7737.56267386969,2638.22204561128
"nu_c[83]",0.654835713365,0.655772155,0.109372294926562,0.109192630092,0.4765701825,0.8326176825,1.00338387359977,6016.15574118578,3130.00631983678
"nu_c[84]",0.4275141004025,0.426273045,0.0660544428053494,0.0657313897590001,0.319665495,0.5375286845,1.00020382822209,6051.63510472972,2907.20386119259
"nu_c[85]",0.51152241264,0.50988822,0.0812549510483289,0.080787103803,0.376610182,0.645781635,1.0028312092531,5918.74029190175,2913.30715719376
"nu_c[86]",0.5011883275875,0.501628975,0.0744273906760737,0.0753405132479999,0.379596481,0.6215356975,0.999734580101347,5966.53025407107,2963.79649621155
"nu_c[87]",-0.0820311304994825,-0.081524681,0.0751044284334087,0.0747238005738,-0.2033486205,0.04208344955,1.00165352959951,7570.71112925328,2810.28905524981
"nu_c[88]",0.68362871496,0.683399825,0.0720334945343679,0.073890070842,0.562779086,0.8012150895,1.00183018629834,6438.81332149732,2853.38477998175
"nu_c[89]",0.233617306910225,0.23535096,0.0847501878348323,0.085626495528,0.09489724465,0.374124616,1.00436466725962,7008.8223372367,3019.68095117868
"nu_c[90]",0.5180821303025,0.519349155,0.0850419571577536,0.084625888788,0.3807091235,0.6579420505,1.00193327998498,6000.28385878436,2948.68326705316
"nu_c[91]",0.3099432794575,0.30972971,0.0709076113044496,0.070706632122,0.193912843,0.426271658,1.00039301559019,6042.99507751373,2870.57248647647
"nu_c[92]",0.36758271506675,0.36750483,0.0804420695049354,0.082611687732,0.234854521,0.499773174,1.00349155959539,5360.6004392896,2941.56590966979
"nu_c[93]",0.444394987745,0.444840725,0.0934406147774573,0.097094762352,0.291906142,0.60048943,1.00228369744839,5519.31783940297,3329.81941338579
"nu_c[94]",0.5000659506025,0.500628695,0.0819656110157586,0.082647848346,0.3657193775,0.636229623,1.00014531355212,6104.04366656622,2885.30569943296
"nu_c[95]",0.6577219856275,0.656420855,0.085986780853223,0.0834946130969999,0.518702872,0.7989740535,1.00003733686596,5515.88021480582,3134.88121568192
"nu_c[96]",0.117020742033866,0.1156207,0.0870336829551551,0.087827103882,-0.02710121955,0.261959186,1.00033677188694,6174.30084935669,3266.16784898369
"nu_c[97]",0.4295804136545,0.43086079,0.0937546733220028,0.093681943173,0.274425307,0.580275824,1.00100017204828,5884.2277186666,2694.27180349591
"nu_c[98]",0.5370592413425,0.53612843,0.0902943030927783,0.091191501345,0.3921008155,0.6849601695,0.999947111585994,6439.32295674752,2842.43428690463
"nu_c[99]",0.32246402680795,0.32234117,0.0930702406721581,0.093310388787,0.172756569,0.474285509,1.00378182981417,6804.561561529,2718.46792755291
"nu_c[100]",0.0634205807575175,0.060859327,0.0823189476130029,0.08172936467325,-0.06801886925,0.200563426,1.00104386048179,7128.72810947464,2784.17317758234
"alpha_intercept[1]",0.381364833535,0.38021262,0.0364834358276584,0.036751496817,0.322869356,0.4422726375,1.0007641351696,3206.6174090013,2903.72413358705
"alpha_intercept[2]",0.5664635632325,0.56540927,0.0272696345291207,0.0278663862120001,0.523823754,0.612364065,0.999649173830922,4431.29838567296,3455.39364275892
"alpha_intercept[3]",0.53015124501,0.52891888,0.0310293182492968,0.030772904904,0.4808950385,0.5832698155,1.00096611644581,4701.33651324466,3190.88082830084
"alpha_intercept[4]",0.3220649435125,0.321107455,0.0291738819958272,0.029619286431,0.2769060875,0.3706930875,1.00021207848849,4161.32067811158,3232.05842417459
"alpha_intercept[5]",0.3171463764675,0.316390395,0.0289262182348091,0.028672601853,0.271472438,0.3663704575,1.00017509899232,3689.19602511481,3299.38885126206
"alpha_intercept[6]",0.3958929327425,0.39494743,0.0326007410367839,0.033160039164,0.3444119845,0.4501510115,1.00044414658497,3359.54822871166,3134.25410836035
"alpha_intercept[7]",0.40160036674,0.40042174,0.0353735934553729,0.036183913059,0.3465612875,0.4624281015,1.00196336415958,4358.02221740544,3213.09913694808
"alpha_intercept[8]",0.414452419835,0.41372046,0.0282180275096156,0.0286169969400001,0.369903761,0.462684268,1.00227934146058,4104.9663542677,3160.58276183031
"alpha_intercept[9]",0.312261484525,0.31104869,0.0303158597159296,0.029824115034,0.2647643635,0.363804532,1.00029170033218,3371.8902088644,2160.33298192222
"alpha_intercept[10]",0.3455913633425,0.344265135,0.0284660876287343,0.027897832158,0.300653349,0.3940475365,1.00016574088586,4609.90907107048,3213.11397599898
"alpha_intercept[11]",0.3282217119175,0.327519795,0.025468874975252,0.02573148669,0.287481908,0.3709554875,1.00022889014961,4108.52213790062,3467.69808632346
"alpha_intercept[12]",0.3879046110475,0.386358355,0.0302286775525952,0.0299900550390001,0.3405132595,0.4392165245,1.00023752907216,3172.51735897605,3007.18674829066
"alpha_intercept[13]",0.3920710012275,0.39144981,0.0297690900863909,0.029883055797,0.3442620665,0.442812822,0.999842353696046,4277.49555149905,3206.8496160466
"alpha_intercept[14]",0.372760320535,0.37191503,0.0356910198008687,0.036069752859,0.316525019,0.4323147545,1.00075476941644,2915.91290365173,2769.03521826317
"alpha_intercept[15]",0.459088723595,0.45796655,0.032942844880649,0.032233080579,0.4066182325,0.5135148425,1.00299860808169,3223.8157891488,2938.54646479455
"alpha_intercept[16]",0.3276598289675,0.32707949,0.0311723295652052,0.030845515239,0.2779844455,0.3801016235,0.999911971460777,3724.46553310864,3001.95853911909
"alpha_intercept[17]",0.3416473793175,0.340410475,0.0334460395212528,0.033867142995,0.288025516,0.3982159325,1.00064535174429,3398.99528214588,3026.86673527952
"alpha_intercept[18]",0.4091862379675,0.40745145,0.0312720936869273,0.031715593875,0.360228897,0.4616445125,1.00062183770242,3995.1062861629,2835.41578595251
"alpha_intercept[19]",0.4180686042775,0.417376395,0.0280030268103688,0.028371122556,0.374245156,0.465707528,1.00133215318672,4246.77305067468,2979.183417398
"alpha_intercept[20]",0.452168775755,0.45103507,0.0349166424386761,0.034403236329,0.396823833,0.5112658545,1.00157328493983,3061.18133582783,2556.348995034
"alpha_intercept[21]",0.4137010127775,0.412566135,0.029928089077234,0.030039121686,0.366684026,0.465017861,1.00025449600343,3529.1009458736,2910.87889770779
"alpha_intercept[22]",0.3150603089375,0.31381613,0.038607158921448,0.037400408598,0.254830784,0.3823429785,0.999906196030434,2953.05295881531,2698.64262465821
"alpha_intercept[23]",0.3653480514,0.363955035,0.038467672449435,0.038738974008,0.3037841115,0.4291379795,1.0016047109143,3461.72258465538,3013.18377123823
"alpha_intercept[24]",0.361162832505,0.36003118,0.0332321835199088,0.032835460959,0.3086335755,0.4188101435,1.00014433639964,3189.16310941178,3105.26950294479
"alpha_intercept[25]",0.4431564069875,0.44274044,0.0310441553619687,0.031076659992,0.3942923665,0.495607681,0.999696652805633,3396.29643762549,3246.13236760966
"alpha_intercept[26]",0.4298357963525,0.42919033,0.0302043799027986,0.0299860594319999,0.3816448615,0.4807995015,1.00053319185731,3780.16089146689,2953.93562933197
"alpha_intercept[27]",0.436427804575,0.43555108,0.0325250961549147,0.031594591476,0.384423289,0.4924264755,1.00183978983546,3532.90408652581,2925.27142968107
"alpha_intercept[28]",0.39905781731,0.39807258,0.0303618981590912,0.030765084189,0.3501203915,0.449525798,1.00123739857399,4423.62046934593,3007.46961298385
"alpha_intercept[29]",0.4329568441225,0.432082685,0.0242669064260034,0.023915954034,0.394513928,0.474056521,1.00101004344256,5925.37429446395,2758.51383802044
"alpha_intercept[30]",0.3399520387525,0.339513475,0.0318490103601096,0.030553094628,0.2893003695,0.3955009865,1.00102294772342,3012.44448158313,2890.39420653303
"alpha_intercept[31]",0.3328721828525,0.332218705,0.0318468911298752,0.031409407323,0.282359516,0.3865736565,1.00081024561934,3226.45516825748,2886.55341957294
"alpha_intercept[32]",0.5108095256525,0.510253965,0.0317655494763517,0.031690434153,0.460295876,0.565337596,1.00067180330626,4381.2593615656,3158.21969005819
"alpha_intercept[33]",0.3616318750775,0.35988089,0.0278450224573356,0.027372509913,0.3180638665,0.4088355605,1.00065438359752,4225.22209266816,2813.18027794249
"alpha_intercept[34]",0.32710894794,0.32602919,0.0266129977281255,0.026529874203,0.284940126,0.371783794,1.00039297806123,4336.45475808143,3019.6116361487
"alpha_intercept[35]",0.52039345848,0.52007335,0.0318493412570989,0.031817774667,0.469795576,0.57590053,1.00242165734901,3969.64681610547,3037.55797836761
"alpha_intercept[36]",0.42750770447,0.42579196,0.036887726661887,0.035932464099,0.3707401485,0.4921075295,1.00095720828013,3378.67357797542,3259.56779894021
"alpha_intercept[37]",0.4789859225675,0.47867132,0.0293424743240599,0.029962634352,0.4326591605,0.527324188,1.00115563232071,3265.29739071885,3005.37914196392
"alpha_intercept[38]",0.3241352721625,0.323089755,0.0336958206282737,0.0335437212180001,0.271317216,0.38058252,1.00039808023013,3978.94309299968,3188.85688922147
"alpha_intercept[39]",0.360049874355,0.35937936,0.0321675465576351,0.031642501695,0.3083235635,0.413010476,1.0002803310778,2746.84786548161,2321.67077373915
"alpha_intercept[40]",0.134301227586225,0.13261777,0.0428453796763729,0.042295568322,0.0659974271,0.207191976,1.00015048923121,3359.5004977553,2505.48851372151
"alpha_intercept[41]",0.3056090228575,0.30437968,0.0348788084700415,0.034413755376,0.249951308,0.365173922,1.00437217893273,3231.22420120466,3127.13299938676
"alpha_intercept[42]",0.4717888824125,0.470326875,0.0367030389719552,0.037542715959,0.413274595,0.534267799,1.00086205501193,3712.50318293677,3046.15808959389
"alpha_intercept[43]",0.479809836445,0.478768885,0.0251009310092823,0.024426027738,0.4398050235,0.523578772,1.00097192621524,5015.62332330459,2751.30864188194
"alpha_intercept[44]",0.5532919430825,0.551957735,0.0268395685287413,0.026414401902,0.5116818615,0.5995858415,1.00087556065935,4108.88888491904,3229.36754794233
"alpha_intercept[45]",0.5372289859675,0.535990405,0.0294096492617311,0.0286327792169999,0.4906381185,0.586779118,1.00144924015846,3454.54490014667,3035.668855017
"alpha_intercept[46]",0.382070090115,0.38088993,0.03866378763375,0.039834140976,0.3205008715,0.4474652945,1.00044110938332,2681.73485318642,2988.51498448716
"alpha_intercept[47]",0.3879281347,0.38747787,0.0351006891514193,0.034476565725,0.331212067,0.448209429,1.00018947170117,3238.65547550992,2519.02090711186
"alpha_intercept[48]",0.3822249459875,0.381893515,0.0341004607211524,0.033329263128,0.3280179875,0.438778545,1.0005503293534,3202.60757445139,2880.54001642311
"alpha_intercept[49]",0.454584976975,0.453899215,0.0295822329798391,0.029610309288,0.407073681,0.5033321985,0.999876983757698,3361.18574797067,3080.56107666352
"alpha_intercept[50]",0.27158369449,0.270881615,0.0312707029906229,0.031434240873,0.2213705205,0.3238867985,0.999974959472595,4130.60683657927,3138.03391710712
"alpha_intercept[51]",0.43035385902,0.42849024,0.0382061425498958,0.038011098951,0.370525842,0.494997026,1.00041359952015,3422.29894767336,3013.82955877444
"alpha_intercept[52]",0.474483381255,0.473225175,0.0261335500502043,0.025614598506,0.433479753,0.5190027505,0.999815316205461,4533.9998369442,2596.7858943218
"alpha_intercept[53]",0.403975156105,0.40201304,0.03433367525602,0.033600215691,0.3500789215,0.4631848865,1.00036645674315,3402.06147063562,2684.88388401353
"alpha_intercept[54]",0.39844975801,0.39718308,0.034234107045744,0.03360379617,0.3438535515,0.455939167,1.00030999152665,3123.2980485564,3052.74098515846
"alpha_intercept[55]",0.4492566696,0.448136775,0.0284429648982435,0.029052903579,0.4039504075,0.498016651,1.00163811176529,3049.12777294049,2980.47456780371
"alpha_intercept[56]",0.35848194593,0.357730955,0.0312638201767939,0.031698833082,0.3083565695,0.4105331255,1.00061037457469,3451.58227765774,3164.86135408819
"alpha_intercept[57]",0.31581373533,0.31534154,0.0388431073200796,0.039475974468,0.2526376535,0.3800714485,1.00027921861934,3433.05619082759,2995.28421501635
"alpha_intercept[58]",0.392980925115,0.391647425,0.0339023753391702,0.034598857986,0.3384461375,0.450106886,1.00058603334353,3079.21406272513,2970.0461620309
"alpha_intercept[59]",0.25084076512,0.249317085,0.0308078835747496,0.030697700019,0.2022458925,0.3033711885,0.999966570567192,3359.99812728405,2713.39599160941
"alpha_intercept[60]",0.40442794141,0.40391224,0.0266355519568309,0.026966648163,0.3621558695,0.4498191915,1.00024452754392,4182.85990421958,3019.35838497742
"alpha_intercept[61]",0.422678818695,0.42123623,0.0413651397262518,0.041373190971,0.3579960655,0.494275833,1.00092505332345,3243.61013354625,3008.18586674903
"alpha_intercept[62]",0.3285296537775,0.32784349,0.0312381841277909,0.031139003322,0.279231479,0.3816683535,1.00046621668101,3478.37318347247,2940.78332523828
"alpha_intercept[63]",0.437758812965,0.43674677,0.0315839082500433,0.032249522613,0.3868411585,0.4909852115,1.0006975762283,3896.91650503638,3154.3920816095
"alpha_intercept[64]",0.442581022575,0.44120755,0.0308040809979363,0.030528676206,0.3951700065,0.4953422085,1.00087140483213,4307.2935844632,2689.27657831834
"alpha_intercept[65]",0.393191110045,0.39262703,0.0261705902579515,0.025756090437,0.351446982,0.438274248,1.00069484778686,4153.04759156693,2766.53524804896
"alpha_intercept[66]",0.375666866385,0.37369281,0.0331088069248167,0.033571927683,0.32354168,0.4328834875,1.00101707194236,3768.41548311193,2908.32065531038
"alpha_intercept[67]",0.482434700915,0.481603155,0.0313090573894884,0.030629611614,0.433139538,0.5349648345,1.00051264084492,4154.70671176489,3123.88369129393
"alpha_intercept[68]",0.35581780944,0.355290245,0.033224907925986,0.032912489442,0.3025522815,0.4120864905,1.00160813812323,3453.33808799417,2931.9967093603
"alpha_intercept[69]",0.5379479191625,0.53617355,0.0330127456878963,0.032969636259,0.4870585915,0.5944515995,1.00066517414782,3885.58848760708,3138.38347335054
"alpha_intercept[70]",0.4741801776425,0.47351693,0.0350474175785856,0.035341440435,0.4179829035,0.5340477375,1.00057620110367,3449.13924758633,3333.38768982914
"alpha_intercept[71]",0.37801979058,0.377514915,0.0315404684442916,0.031957391109,0.327148393,0.4300851525,1.00013809710689,3574.68074032604,3448.32201311133
"alpha_intercept[72]",0.4719106432375,0.47113446,0.0300687301978852,0.029336606502,0.424696759,0.5227990395,1.00062008761265,3444.51333941815,2852.64455063756
"alpha_intercept[73]",0.438537569585,0.43791617,0.0268988501346741,0.027503475384,0.3956937425,0.4836382205,0.999574752225129,4221.6717345593,3169.11388263788
"alpha_intercept[74]",0.3902305091725,0.388035875,0.0521066046261306,0.053018042868,0.3081802155,0.4768365395,1.00126693137535,3272.01931307223,2929.56538387049
"alpha_intercept[75]",0.4215519935625,0.419769185,0.036903969965679,0.036168160434,0.3642305755,0.485197064,1.0004008594063,4167.3637770242,3185.57595289502
"alpha_intercept[76]",0.429752107735,0.429022135,0.0327574350514665,0.032937271101,0.377094649,0.4860129305,1.00068130681325,3264.36375423045,2828.58357041361
"alpha_intercept[77]",0.4361617294075,0.43444769,0.0324692966691934,0.032783814588,0.385580614,0.492250866,1.00065352800878,3003.65488927781,2853.57327530172
"alpha_intercept[78]",0.63091662113,0.62903941,0.0284516078422464,0.028619324622,0.587072183,0.6802712375,1.00150556160035,4077.73028270257,3514.09203404659
"alpha_intercept[79]",0.4220212172925,0.420813655,0.0315084430136188,0.031843549668,0.372426978,0.475571597,1.00186050189272,3377.97997495926,2758.01189725628
"alpha_intercept[80]",0.30087816981,0.2999304,0.0250115260346476,0.0246208265519999,0.2614599705,0.344828154,1.00024367031829,5702.28653370087,2738.7943716879
"alpha_intercept[81]",0.41162593587,0.410408685,0.0346217130247393,0.033494958504,0.3561633065,0.470322121,1.00060306902086,2955.7503835792,2730.79573660462
"alpha_intercept[82]",0.36861904069,0.36738994,0.0402249671693295,0.039124538964,0.3041640315,0.43673969,1.00131352852362,3017.89374292138,2525.27967580258
"alpha_intercept[83]",0.2217906596175,0.220642185,0.0333156227657036,0.032735370633,0.16950436,0.279392445,1.00036753781269,3378.24308467338,3244.79406295678
"alpha_intercept[84]",0.596444107255,0.59551069,0.025619124194002,0.0255504167519999,0.556285717,0.6396685855,1.00006286787418,3592.6940055682,2840.75865630237
"alpha_intercept[85]",0.3779295274075,0.37625007,0.0317712424253947,0.032315668812,0.3280567755,0.4321223835,1.00103725572404,3430.30592585596,2583.64538547417
"alpha_intercept[86]",0.52282050112,0.52153965,0.0261700774810484,0.026255089119,0.4819428115,0.5672586885,1.00074847554059,3236.6855530937,2980.69264583065
"alpha_intercept[87]",0.4873448197375,0.48616365,0.0351451695610737,0.0345908519459999,0.4322978435,0.54724961,1.00040357754597,3050.70948009862,3273.62151075502
"alpha_intercept[88]",0.5450125393925,0.54418495,0.0272914910521331,0.026918018883,0.5021632955,0.5920072415,1.00248564825617,4443.8432704868,3082.74912767666
"alpha_intercept[89]",0.3590416094925,0.357615515,0.0328247750445222,0.032713880346,0.3075285305,0.4146732245,1.00110868247057,3461.33505694001,2848.37112096761
"alpha_intercept[90]",0.4332288694275,0.43123026,0.04274495856149,0.043164661029,0.3663781805,0.5063115265,1.00170020282018,3300.92051257073,3070.71839828351
"alpha_intercept[91]",0.4961895897175,0.49505123,0.036516041090354,0.037000610682,0.437738438,0.5578133305,1.00161199011976,4125.03601555954,3292.49430727184
"alpha_intercept[92]",0.39472041298,0.39257028,0.0376847008514102,0.03816293943,0.335856453,0.4599343315,1.00120572903165,3269.58760444337,2950.49283257192
"alpha_intercept[93]",0.2732614758125,0.27229136,0.0292008465278815,0.029882981667,0.226394076,0.323432633,1.00090321667867,3959.10958802657,3134.06625920128
"alpha_intercept[94]",0.4184359844275,0.41766285,0.0281830733858037,0.028333101279,0.373627434,0.4663745345,1.00001784509062,3878.42032862853,3090.22100509322
"alpha_intercept[95]",0.38375620644,0.383219175,0.0314242191684912,0.032180952363,0.3345407895,0.437025656,0.999735814459938,3868.548841482,2841.22353176848
"alpha_intercept[96]",0.3828802889325,0.38204916,0.032555435021489,0.032646207069,0.330711154,0.4374394905,1.00298444058546,3261.01208722907,3030.28335826748
"alpha_intercept[97]",0.297692258005,0.296622785,0.0319590676551726,0.031681108599,0.2479784225,0.3514147925,1.00012500597242,3533.84562945193,2835.78364054638
"alpha_intercept[98]",0.303211582105,0.302068075,0.030547912530807,0.029444562021,0.254662295,0.3558915715,1.00194435842928,3180.1669317467,2544.914173074
"alpha_intercept[99]",0.2605680753975,0.25923491,0.0367411307914421,0.036838295634,0.202141711,0.323077049,1.00139581559199,2946.25283450043,2668.63517558137
"alpha_intercept[100]",0.3915537006925,0.390913235,0.0337002701522679,0.03455836818,0.337746676,0.448041747,1.0013172467942,3272.09728453666,2784.44993144242
"tau_intercept[1]",0.2282776051,0.22855136,0.0297605691819806,0.029346384249,0.180032645,0.277321969,1.0001295126017,2882.76615064708,2804.28940549212
"tau_intercept[2]",0.3222279037425,0.32360497,0.0345687444553912,0.034363043043,0.2623930225,0.377286506,0.999658959821375,3707.03642594857,3238.22916476419
"tau_intercept[3]",0.22977491111725,0.230653625,0.0294838709964782,0.029225404089,0.178586956,0.2753625745,1.00006289309094,2837.94314681321,2667.70512259111
"tau_intercept[4]",0.2556902164475,0.25686695,0.026539513313872,0.026330635002,0.2108363375,0.298516409,0.99935779131488,3941.43822826986,3104.38306756494
"tau_intercept[5]",0.16588122592575,0.166207905,0.0265668624831328,0.026560541784,0.1205031725,0.2082835045,1.00070343471713,2951.61835587193,3062.1921458471
"tau_intercept[6]",0.20733985316625,0.207904955,0.0286837878207472,0.028699110741,0.159955022,0.253593292,1.00009971444175,3065.32234598197,3211.3417985989
"tau_intercept[7]",0.2418878562875,0.243122385,0.0266894265513438,0.026536553316,0.1953914425,0.2843645245,1.00130549490751,2729.85032922014,2840.65679788523
"tau_intercept[8]",0.2469817977975,0.247714105,0.0278333039187728,0.028259786709,0.199467631,0.292287208,1.00223761068975,4110.92849098393,3285.60474197308
"tau_intercept[9]",0.1672337409325,0.168559705,0.0276559334314334,0.026774147379,0.11886109,0.211019211,1.00096449160075,3577.43240008837,2950.57674705421
"tau_intercept[10]",0.2128883683725,0.21401637,0.0256889974628682,0.025237551087,0.1698621215,0.253789556,1.00188135244225,4135.54212568129,3039.36789571621
"tau_intercept[11]",0.17650166117575,0.1774881,0.0272141913932648,0.027966832362,0.1319572185,0.2201443615,1.0005544325315,3969.67585563879,3111.45285582604
"tau_intercept[12]",0.2834297140675,0.283924565,0.03049106170199,0.030234847125,0.2329585255,0.333091893,1.00004310129683,3569.71484738178,2831.11661838622
"tau_intercept[13]",0.15962564305375,0.1602244,0.0310334728184641,0.030149901558,0.107867756,0.209894617,1.00084715454511,4155.02420842404,2838.66836688015
"tau_intercept[14]",0.307278790145,0.308427305,0.0302562335445234,0.029904360759,0.257031533,0.355336792,1.00006677118646,3215.64901314691,2927.80818961448
"tau_intercept[15]",0.20139142468475,0.201858155,0.0345908342015808,0.034693618365,0.1448613875,0.257774055,1.00071430183861,3237.51070637353,2153.56826318735
"tau_intercept[16]",0.2084870250125,0.209196425,0.0257316684351959,0.025249975275,0.164673684,0.249434861,0.999773264285254,3941.86133139745,2924.51124575801
"tau_intercept[17]",0.196953582102,0.197952455,0.0260697250869854,0.026395476513,0.154040149,0.239181283,0.99989567094828,2932.79195393746,2730.75476960052
"tau_intercept[18]",0.2840495214725,0.28434115,0.0301193736302443,0.0300704712629999,0.2355072585,0.332635679,1.000596625447,3483.12594310982,2921.58928044206
"tau_intercept[19]",0.2830744327,0.284113165,0.0291904956202688,0.028701379119,0.2348007455,0.3307592945,1.00017293935783,3572.80568893925,3245.59536927029
"tau_intercept[20]",0.17506164336875,0.175940355,0.0335462365232059,0.033499725063,0.119612147,0.229976861,1.00125026807159,3342.07558220284,2988.22642781836
"tau_intercept[21]",0.19484136207925,0.19551531,0.0301368089674397,0.02986556853,0.144763818,0.2422729025,1.00053145099196,3132.17295048284,2632.93205222985
"tau_intercept[22]",0.280658375345,0.281220645,0.0287330037465639,0.027784783908,0.232853489,0.326471109,1.00058623482224,2891.94077481783,2739.84576700788
"tau_intercept[23]",0.2275465421225,0.228021035,0.030017853713799,0.030196944456,0.176351764,0.2764751285,1.00300254965108,3252.05337206062,3188.46298189951
"tau_intercept[24]",0.25808344696,0.25868294,0.0287455843679223,0.028403139303,0.211264098,0.303756075,0.999803003532405,3135.37871484626,2757.50289762881
"tau_intercept[25]",0.194040832214,0.194987785,0.0340962904061855,0.034331078187,0.137000759,0.2480792905,1.00028475807026,3354.64186171521,2979.56918409769
"tau_intercept[26]",0.19054224313625,0.19120758,0.0299190447949794,0.029286472383,0.1401584625,0.238305744,1.00074726381402,3080.52415345953,2826.61659018535
"tau_intercept[27]",0.2691422906925,0.26921118,0.0332911065469714,0.03329193126,0.2133319545,0.323519797,1.00023836640687,3689.57471397878,3064.31439677837
"tau_intercept[28]",0.16738384241525,0.167417485,0.0281803137324205,0.028780283091,0.120291247,0.213159261,1.00158067066183,3437.05512762886,3027.80519340521
"tau_intercept[29]",0.09743074851275,0.0975331965,0.0219048286167865,0.0220353559944,0.0613824901,0.132740209,0.999987521128868,3767.02279253484,3223.65735747349
"tau_intercept[30]",0.248656122115,0.24956938,0.0289502522517678,0.028916971398,0.200316906,0.2944819055,0.99989831041469,3372.89565631631,3026.44806308582
"tau_intercept[31]",0.17860283064275,0.179139975,0.0285915112024876,0.028618538844,0.1303172275,0.225381698,1.00143711108993,3522.49485471664,3245.59979411967
"tau_intercept[32]",0.19120261555375,0.190707355,0.0300737703200745,0.029776330836,0.1420748175,0.2412336805,1.00023969150016,3282.36238703563,3214.04651666362
"tau_intercept[33]",0.18551316077175,0.185886485,0.0251274857364695,0.025048556652,0.1433263605,0.2252142975,1.0000347151469,3946.38406767849,2908.07582916287
"tau_intercept[34]",0.200004902765,0.200565415,0.0232129020037944,0.023034222162,0.1607495845,0.237083827,1.00010783838202,3498.39477119979,2975.96168146002
"tau_intercept[35]",0.201449593012,0.202320985,0.0317538896365282,0.031352898024,0.1493396145,0.253219182,1.00081036462657,3323.29403797754,3169.20445473175
"tau_intercept[36]",0.2777384335825,0.27830846,0.0320812255232045,0.032430978027,0.224389612,0.329272864,1.00242657574618,3297.86128826564,3100.60131230883
"tau_intercept[37]",0.227570019435,0.22846448,0.034098646672292,0.033522831384,0.1700730915,0.2821822145,1.00196122715225,3228.36923246544,2407.10072988286
"tau_intercept[38]",0.2803663224675,0.2803544,0.02794696496179,0.027915230469,0.2339972555,0.325689045,1.00083425051615,2972.01058098744,2958.77855767827
"tau_intercept[39]",0.1816206138925,0.182454845,0.0271374240099558,0.026575627239,0.1352061125,0.225592219,0.999855543960731,3611.4930994367,3018.9700259295
"tau_intercept[40]",0.2786050559275,0.278999,0.023194332714662,0.023294107116,0.239920808,0.315724536,1.00109147927053,3354.04806654914,3107.02897559337
"tau_intercept[41]",0.184950721402,0.185196245,0.0269726902091246,0.027053506284,0.140312798,0.228839651,1.00016478271993,3548.61242492224,3056.14082148642
"tau_intercept[42]",0.2549640590475,0.25533413,0.0349654882205102,0.035585632068,0.197591836,0.3120034935,1.00024631528345,3324.63629205574,3106.18077994175
"tau_intercept[43]",0.211363604955,0.21244142,0.0286432493859643,0.028807407258,0.1620921525,0.2569280845,1.00010860583124,3501.98569833925,2875.38300303719
"tau_intercept[44]",0.208330573076,0.20817081,0.0363739667697444,0.036631013328,0.147448955,0.2670159795,1.0005501618453,4107.12575268722,2895.83263869887
"tau_intercept[45]",0.25314493917,0.25255303,0.035925927218312,0.036060434718,0.1938665435,0.312813424,1.00052108133438,3612.94631580394,3036.24176288106
"tau_intercept[46]",0.278504397455,0.27833528,0.0298915711144667,0.030494220582,0.2292582595,0.327418874,1.00049014994598,3026.88955767966,3173.13216638488
"tau_intercept[47]",0.2622674344925,0.262910915,0.0293872275158842,0.029733543,0.213223879,0.310204049,1.00092192236272,2343.76007451712,2866.78882665123
"tau_intercept[48]",0.2281729279675,0.228635,0.031504030243041,0.030870630483,0.174796874,0.2790358645,0.999616164314843,3161.91602845689,3111.97395683475
"tau_intercept[49]",0.2282834412635,0.22876863,0.0348800008740862,0.034326904668,0.1700322585,0.2835295825,0.999742550358496,3386.41106063934,3087.8649551195
"tau_intercept[50]",0.16389409003875,0.163992695,0.0256986302278388,0.025658943072,0.121442399,0.205094279,1.00002274541914,3345.27906855379,2983.14207915407
"tau_intercept[51]",0.2001037585475,0.20028124,0.0302881631373681,0.030962047599,0.1502620535,0.249052026,1.00152258910517,2987.92077687893,2985.47555500697
"tau_intercept[52]",0.3083213436725,0.30902459,0.0314981059271675,0.03205240353,0.25521137,0.3579459295,1.00041150533474,3634.07150696279,3318.1371336462
"tau_intercept[53]",0.238082227025,0.238298065,0.0273769459093808,0.027236496189,0.1920240215,0.282389593,1.00090267271321,3275.21993412443,2695.9360403309
"tau_intercept[54]",0.30832979716,0.308703265,0.033656571491296,0.033161106636,0.251113576,0.362988174,1.00022938812596,3217.26414498249,2859.65245799126
"tau_intercept[55]",0.253064785615,0.25401404,0.0328527189371032,0.03301312833,0.198578431,0.3059119415,0.999655621032308,3542.6856645954,2757.70988311815
"tau_intercept[56]",0.2391259452775,0.239280905,0.0312254811369521,0.031549342524,0.187974465,0.2896498175,1.00150621097831,3430.94487354219,3022.33611043884
"tau_intercept[57]",0.246929501775,0.247516435,0.0280088079062625,0.027707169798,0.200756234,0.292025833,1.0013592223386,3208.2278147787,3291.87159760209
"tau_intercept[58]",0.3329308750625,0.334507115,0.0314395059918096,0.030770814438,0.279551511,0.382093756,1.00046834087273,3622.63070875371,2914.81043743204
"tau_intercept[59]",0.18421642841525,0.18483685,0.0243256837569994,0.023788413369,0.143424336,0.22334804,0.999800767767271,3358.421697724,2804.25590594151
"tau_intercept[60]",0.2448744740775,0.24487178,0.0253005242354749,0.025525390464,0.203060399,0.2855236145,1.00074872006271,2977.33899129197,2938.61063093322
"tau_intercept[61]",0.2475516308025,0.24837827,0.0321913738229697,0.032101292265,0.1950494135,0.2979498905,1.00078729983772,2930.80695915981,2868.18581097037
"tau_intercept[62]",0.2448662170025,0.24501826,0.0277126446055407,0.027615737856,0.199041314,0.290106791,0.999240779069824,3812.22336197224,3470.15959044748
"tau_intercept[63]",0.258382666035,0.25922883,0.0310880343497272,0.030595941768,0.2058959135,0.3088091745,1.00125079575289,3739.09183984832,3043.44086914602
"tau_intercept[64]",0.19280099818525,0.194463845,0.0312687382294677,0.030993449067,0.1395985825,0.242334056,1.00053616896195,3460.47791932258,2976.2813173669
"tau_intercept[65]",0.096717641746525,0.096801628,0.0272074644047193,0.0271679074065,0.05079505495,0.140247536,1.00042437787494,3759.13586293672,3051.92389006714
"tau_intercept[66]",0.204869869885,0.205491455,0.0291961343106994,0.029357815095,0.155643659,0.252309529,1.00047558858925,2736.64704376798,2941.68227959676
"tau_intercept[67]",0.2702514715125,0.270205895,0.0337482030854482,0.034287067206,0.2159598125,0.325749331,1.00136417359416,3916.52715569576,3090.68108969907
"tau_intercept[68]",0.2385060241025,0.23953388,0.0283314557105962,0.027392065407,0.189684238,0.2836486325,1.00296740971727,3035.77579731867,2998.06592027353
"tau_intercept[69]",0.19769780204625,0.19760726,0.0374905268598484,0.037460787483,0.136172365,0.2588115735,0.999750475754715,3571.90941218837,3084.5953395116
"tau_intercept[70]",0.2999563615575,0.30031999,0.033997565161578,0.034369136529,0.243798478,0.354973851,0.999752931751929,2891.09092488657,2823.59112123454
"tau_intercept[71]",0.258331885055,0.2592693,0.0306710307330877,0.0303275837549999,0.2065517565,0.307271139,1.00055902023585,3330.37050133984,3109.50648693857
"tau_intercept[72]",0.16838850155375,0.168837385,0.0341012078685597,0.033809455029,0.111468715,0.22417527,1.00091136521443,3750.7298907672,3200.89536003532
"tau_intercept[73]",0.26302735546,0.2644499,0.0274377712339093,0.026936603274,0.2172584585,0.3075877385,1.00016191646414,3772.37253943736,2859.2852374309
"tau_intercept[74]",0.2236040265225,0.22420788,0.0291939530744602,0.029441018607,0.1743941525,0.269970926,1.00021475046658,2660.65886993457,2771.1922594153
"tau_intercept[75]",0.2412509455875,0.24148621,0.0326430538847311,0.033795474111,0.1870542885,0.2948173915,1.00064533263325,3365.8227274383,2686.45967693511
"tau_intercept[76]",0.2078431734325,0.208176235,0.033456858187204,0.033581675778,0.151693453,0.263178872,1.00042506543312,3302.18803540378,2815.78586631906
"tau_intercept[77]",0.2738566906375,0.27307894,0.0339101644103936,0.033826467864,0.2177241335,0.3295816195,0.999969350805411,3564.67345056632,2940.35110441437
"tau_intercept[78]",0.24714264138,0.24778503,0.0377975211166058,0.038760679272,0.1833143155,0.3081483345,0.999637961440667,4551.31556315167,3268.49581602818
"tau_intercept[79]",0.2709938658825,0.271717105,0.0304177275516819,0.030847991181,0.2200221935,0.319197795,1.0011924889086,3597.79531843319,3138.92175821923
"tau_intercept[80]",0.15587568334075,0.156957625,0.0211146464098143,0.021093884238,0.120639796,0.189786065,1.00014039589842,3560.34695849988,2721.11450612392
"tau_intercept[81]",0.27266985639,0.2728035,0.0320261174970177,0.031162821291,0.219630861,0.323832642,1.00077080070457,2965.95347846621,2928.29658234892
"tau_intercept[82]",0.3126223519025,0.312949225,0.0308803567653471,0.031531543911,0.262268434,0.362800977,1.00182781159138,2603.69403458546,2824.76734615823
"tau_intercept[83]",0.1733150679685,0.174637655,0.0245952192349013,0.024535532574,0.1318532135,0.212085151,1.00096110205745,3574.39981199451,3421.70872789115
"tau_intercept[84]",0.185324433412,0.18559141,0.0378975113031737,0.037558327737,0.1239220905,0.248498388,1.00030541107607,4136.59322091627,2883.24292598175
"tau_intercept[85]",0.19314265779925,0.193347095,0.0282689895526505,0.02793411138,0.1458605775,0.2389127545,0.999995360222797,3398.15040777441,3081.36348081493
"tau_intercept[86]",0.2562785346025,0.255846195,0.0347642933923051,0.03422174385,0.198760559,0.3148066965,1.00074011229005,3728.18373310868,3031.11948528143
"tau_intercept[87]",0.21498860564225,0.21445893,0.0346335307850382,0.034307275044,0.158739187,0.271187793,0.999964654434122,2837.37439178311,3017.60223945338
"tau_intercept[88]",0.1853658042295,0.18595151,0.0342000862843996,0.034524742812,0.1278010095,0.2410915385,1.00049314393775,2860.32203228608,2441.89374574956
"tau_intercept[89]",0.285457664605,0.286202695,0.0307225494573207,0.030134534409,0.2329283345,0.334342394,0.99990228907465,3991.03003634195,3034.83061690581
"tau_intercept[90]",0.350943966185,0.351534235,0.0330784232223504,0.033218853906,0.2958029215,0.4043365185,1.00108070582349,2905.48369227646,3065.02143979411
"tau_intercept[91]",0.248923864215,0.24822861,0.0352350448536699,0.034623328299,0.190744709,0.3067619115,1.00053353602829,3694.17109290635,3077.31842418613
"tau_intercept[92]",0.16573514725575,0.1658635,0.0298230798612239,0.029845419996,0.1162222355,0.2143085295,1.00123474223705,2886.16052780122,3440.73206452935
"tau_intercept[93]",0.184492540355,0.185235095,0.0251790639899697,0.024692273046,0.1428688575,0.22460264,1.00055345611412,4339.67949012377,2520.14536731052
"tau_intercept[94]",0.170682174315,0.171344335,0.0314707552460694,0.031783482129,0.1183265075,0.2219518445,1.00052880388192,3969.31200029943,3176.55682585184
"tau_intercept[95]",0.21329990260825,0.213340475,0.0279634894455942,0.028020858306,0.1674888525,0.2592857345,1.0006549493089,3331.75685587449,3023.77189416878
"tau_intercept[96]",0.2242518398625,0.224968605,0.0310160978264725,0.031014850398,0.1717751835,0.2737570545,1.00224364514351,3288.18914654214,3060.62923929993
"tau_intercept[97]",0.14210208224375,0.14177009,0.0268415912912977,0.027046300848,0.0979805398,0.1862906725,1.0018096056833,3010.53496185107,3043.94857088673
"tau_intercept[98]",0.24034164079,0.240883335,0.0262539890813586,0.026264874279,0.1962741805,0.2826372105,1.00068102288477,3331.84226901606,3102.02196609586
"tau_intercept[99]",0.202566336145,0.202899915,0.0249517951308038,0.025459422177,0.160620767,0.242355867,1.0008042111318,2996.02927180539,3001.26932030612
"tau_intercept[100]",0.2384506066175,0.23876398,0.0310375178690753,0.030905338149,0.1861983545,0.288767687,1.00023848228977,3258.67249193794,3126.40826535405
"w_person[1]",0.6236099959825,0.62288901,0.0400886034546004,0.040578435828,0.5591906205,0.6901974045,1.00066960050038,2976.83759815164,2811.38734007174
"w_person[2]",0.46338237808,0.463922845,0.0332726243214764,0.034227614946,0.408464288,0.517808896,1.00213424446267,3440.22471940909,3151.77297335135
"w_person[3]",0.626522834985,0.626877395,0.0405796589376431,0.0402661557899999,0.5590091985,0.6923544215,0.999992548574015,2744.34210411058,2949.80872598216
"w_person[4]",0.5232336475025,0.522891155,0.035016334220279,0.0349321909440001,0.467744438,0.581230684,1.00098864742968,3442.38808100034,3214.37356066138
"w_person[5]",0.5690954250225,0.56946056,0.0372578166267712,0.0360114792659999,0.505397536,0.6301739805,1.00130595890691,2773.47195760627,2675.46657721503
"w_person[6]",0.6270770666525,0.6273388,0.0395802597656228,0.039778061631,0.561180699,0.691360777,1.00070597653623,3059.06499485262,3238.58025728977
"w_person[7]",0.69722179569,0.69821536,0.0412072393092988,0.041198555517,0.6272240375,0.7639689205,1.00130003866905,2342.45571225771,2624.91274766761
"w_person[8]",0.51232194465,0.512229755,0.034685463371602,0.035148761739,0.456050948,0.5682533505,1.00006138792708,3341.80268451035,3103.94772218144
"w_person[9]",0.528054370625,0.52819096,0.0369892749273852,0.038131990155,0.468013558,0.5887955095,1.00037470814108,3368.08228196706,2923.33381736776
"w_person[10]",0.558819344605,0.558842345,0.0355630298851122,0.0360475954019999,0.4994106835,0.6164667695,1.00076057897144,3252.62497867715,2833.74364305551
"w_person[11]",0.550802097655,0.549699375,0.0341655485027689,0.034156049844,0.494227994,0.608218565,1.0021451632862,3365.96089711378,3015.15417199021
"w_person[12]",0.5230142220475,0.522122545,0.0341145571117698,0.034121757306,0.467611819,0.5790914765,1.00131221466803,3382.26347149835,2876.44534815806
"w_person[13]",0.597741354435,0.59753817,0.0358273041823039,0.03715069428,0.539307282,0.6559613015,1.00087001168006,3644.55562621386,3039.34885793213
"w_person[14]",0.522721681205,0.52228781,0.0370268629627083,0.036603036666,0.4623278745,0.5838952755,1.00141823089103,2993.38927586162,2635.1456183974
"w_person[15]",0.620010799595,0.619972815,0.0369046974483256,0.037129582056,0.5593143755,0.6796150525,1.00021994843115,3144.11215916115,3016.55667152793
"w_person[16]",0.474988564905,0.474364915,0.0366980241861183,0.03693445707,0.415169504,0.536086086,1.00048419854072,3385.47540147752,3563.92835094077
"w_person[17]",0.560612857025,0.56032101,0.0389445763195702,0.039646540185,0.496948717,0.623206132,0.999991779526755,2821.45803936337,2874.15174274684
"w_person[18]",0.5814594862875,0.58194161,0.0386837757848852,0.039225822783,0.519254938,0.645993615,1.00082150557657,3326.32491595028,2991.90762591379
"w_person[19]",0.64157782547,0.64202002,0.0365189773976981,0.0361746319829999,0.5801706385,0.7017150905,1.00094714088234,3161.27080629764,3002.16847964041
"w_person[20]",0.55102037843,0.550345165,0.0386492191548399,0.038692768779,0.487697571,0.6135196505,1.00168676598432,2940.76901174452,3103.68556023013
"w_person[21]",0.5885352923275,0.58855182,0.0375177821252078,0.03720317832,0.527445862,0.6512430385,1.00019507979067,2870.18987792221,3030.48802012268
"w_person[22]",0.5215714951725,0.52054464,0.0386949426757286,0.039288581241,0.458046561,0.5858404155,1.00065444221708,2668.1798068954,2674.00120866279
"w_person[23]",0.636942448985,0.63665426,0.038543081114547,0.039100847016,0.5739937675,0.7026751235,1.00342680726827,2605.99555666136,2923.2191059167
"w_person[24]",0.499155750085,0.49842143,0.0367227683701452,0.038114955081,0.4393324765,0.559216216,1.00173399144835,3235.03848333614,2764.8898215749
"w_person[25]",0.568581236045,0.5680889,0.0377525220412184,0.0372113845110001,0.5058346135,0.6307636325,1.00220557509684,2740.21059444265,2684.21944565603
"w_person[26]",0.622504515995,0.62309939,0.0390504302690358,0.039305794227,0.5578848205,0.686172237,1.00178300745857,2669.91518646361,2883.98094913623
"w_person[27]",0.551433710565,0.551534775,0.0368442434404308,0.0373420163970001,0.4907942245,0.6121521815,1.00035430008883,3417.77109702692,2329.02982075052
"w_person[28]",0.6040087477625,0.60353716,0.0401397586467274,0.040411910196,0.5383680675,0.670060931,0.99966349144407,2823.07912181125,3039.28717635849
"w_person[29]",0.6208059987925,0.62031619,0.0383814350345312,0.0389662788269999,0.5578420865,0.6844821965,1.000643457934,2937.10455168724,3017.07284991798
"w_person[30]",0.5313262140825,0.531169375,0.0350814888556332,0.035326592196,0.474904668,0.588605453,1.00070494147618,3023.97672699407,3118.76189388354
"w_person[31]",0.53301707394,0.532843225,0.0368508567879172,0.036056542893,0.4730166345,0.5938525145,1.00088352783161,3510.83070101696,2944.19048047843
"w_person[32]",0.629550022925,0.6292258,0.0413352678628383,0.041200831308,0.5627661285,0.6977635525,1.000029168439,2908.9879854704,2675.4641514539
"w_person[33]",0.480630552205,0.48033641,0.0364816518809193,0.0367655073869999,0.422242036,0.5412937105,1.00057673336823,3049.04850403663,3358.75435360239
"w_person[34]",0.5516572166875,0.551601915,0.0360712470238994,0.036441010725,0.4928886475,0.611535127,1.00062674705203,3177.51912266337,3165.09417249871
"w_person[35]",0.550906611245,0.550193245,0.0402469762117396,0.041053008675,0.486820476,0.6165527785,1.00193460783851,2712.53830861501,3062.07724675162
"w_person[36]",0.6009379299175,0.600001695,0.0387235931681206,0.038529245412,0.5374743245,0.665924137,1.00178705044582,3006.65676871765,2782.50079901367
"w_person[37]",0.5938565330825,0.59399565,0.0358186400402558,0.036398689908,0.535312034,0.652917158,0.999697857180229,3051.08431649952,3150.09696187934
"w_person[38]",0.57583284492,0.575745485,0.0377548632296927,0.038189596578,0.5137044775,0.6380101905,1.00154908339029,2770.04219687621,2850.5494793553
"w_person[39]",0.4320785861875,0.431463355,0.0360842650263522,0.035800038267,0.373840643,0.4910983435,1.00019187602424,2803.23742083824,3228.29034188839
"w_person[40]",0.59855767107,0.598599795,0.0407142725456079,0.0410825272410001,0.5321011695,0.6658405645,1.00041007303203,3176.74474884489,2911.06217188784
"w_person[41]",0.492539538945,0.49213645,0.0380240320874016,0.03831616614,0.4310096025,0.555873839,1.00014225591087,3122.01697954463,2835.83450239964
"w_person[42]",0.610614736975,0.60954672,0.0378052113633884,0.038108705922,0.5485510325,0.674177976,0.999847718349508,3083.95802999776,2918.29013729095
"w_person[43]",0.5681594871325,0.568240095,0.0382122768096752,0.038241361557,0.5066672145,0.6321603235,1.00097018306348,3249.88899384503,2724.2939043018
"w_person[44]",0.51797783055,0.5181542,0.0362463204161525,0.035081162592,0.459746287,0.5772817975,1.00116906449338,3118.25792113293,2757.15184069655
"w_person[45]",0.497270995015,0.497526725,0.0373193389897456,0.037287968214,0.434835838,0.559354523,1.00074921917886,3252.29161104121,3268.15551077168
"w_person[46]",0.5294923484475,0.52880739,0.0385175735627139,0.038498073747,0.4673379945,0.593718102,1.00246392210066,3098.76602748168,2830.45251575419
"w_person[47]",0.58636378856,0.58626791,0.0386483274852733,0.03860067708,0.5231196905,0.6502091145,1.00055990829548,2404.95745965355,3143.17496383796
"w_person[48]",0.575252285685,0.57556017,0.0372347120346275,0.036807094317,0.513071548,0.6366597035,1.00051506329877,3090.09025147245,3091.34752640741
"w_person[49]",0.6096407761275,0.610101365,0.035036013752359,0.036644186229,0.550549377,0.6668051355,1.0006178796767,3168.00475049545,3226.96916044022
"w_person[50]",0.6131720215475,0.61329618,0.0379469748541191,0.0374861177040001,0.549401267,0.675096453,1.00036952877251,3019.70823793766,3138.09963741851
"w_person[51]",0.625526561135,0.626198645,0.0405216565742527,0.041069858424,0.55749402,0.690734565,1.00006287711525,2699.56441812359,3059.1111649096
"w_person[52]",0.557060951015,0.556115625,0.0339468368804954,0.034644092112,0.5023785875,0.6139391475,0.999952338021714,3430.74960852174,2611.62151919003
"w_person[53]",0.5630984254025,0.562690015,0.0386019307545325,0.03841928097,0.5008662835,0.6274166995,1.0014809188772,3182.38305687875,2832.2980471265
"w_person[54]",0.5414989583075,0.54104095,0.0363367864461965,0.037003227471,0.48242088,0.600861844,1.00082303121917,3025.62996831488,3013.58061184603
"w_person[55]",0.50941565842,0.508628855,0.034194273637603,0.035000598108,0.4542517065,0.5661230985,1.00055473897804,3137.52657319482,3218.62893061446
"w_person[56]",0.6061289703075,0.60592657,0.0357774725958498,0.036370261053,0.5473699065,0.664097489,1.00031675039144,3243.60919913153,3225.21284803029
"w_person[57]",0.54498508596,0.544295025,0.0385818434609589,0.037957221267,0.481757646,0.6096435475,1.00079252619346,2813.05020947351,2786.30250438606
"w_person[58]",0.4805280210575,0.47990588,0.0342737527006151,0.034917424248,0.4253392815,0.5366092015,1.0017012890918,3594.8244757639,3148.61429413278
"w_person[59]",0.4904040805675,0.48984335,0.0352910666883167,0.035644135464,0.433211861,0.548432593,1.00076992435535,3471.36609546033,3240.43393715452
"w_person[60]",0.5449870563775,0.544802025,0.0351831451081473,0.0354891963509999,0.486844269,0.6025186925,1.00204391022732,3177.95337666472,2805.10804013112
"w_person[61]",0.602519049,0.602371585,0.0404668807519826,0.039858974526,0.5347283675,0.670321282,1.00000908734967,2895.41291409513,2919.92215536269
"w_person[62]",0.5155114331325,0.514756485,0.0360435833960417,0.036068114586,0.4567736735,0.574911849,1.00063683728622,3736.56714454956,3119.75047706923
"w_person[63]",0.512008356285,0.51164636,0.036883560612155,0.0369127814580001,0.452826535,0.57276624,1.00085789746483,3135.19279421269,3268.162927501
"w_person[64]",0.6428618441525,0.64366259,0.0389580258894357,0.0395216978520001,0.5768569935,0.704693276,1.00092009136084,2662.09762221483,2752.57782381568
"w_person[65]",0.5318837386825,0.531864245,0.0378900342557234,0.0376743708390001,0.4718984885,0.593663634,1.00125836944085,2742.97117940324,2757.84985234461
"w_person[66]",0.6415274412725,0.642073015,0.040237260443608,0.0402022334910001,0.5752477825,0.7080535235,1.0008258301853,2504.19137749462,2346.61330334111
"w_person[67]",0.53589318475,0.535269125,0.0357747719658283,0.035898052953,0.4773229235,0.5954463325,1.00152300775007,3237.83543446537,3010.20929723704
"w_person[68]",0.5756882644,0.575891795,0.0374021661749586,0.038265787392,0.5153128965,0.6370032405,1.00200173984879,2977.42362968298,2961.02801483639
"w_person[69]",0.6137348508975,0.61369493,0.0366047648379231,0.036819007008,0.553571938,0.672750911,1.00096451282165,3187.37327404391,2968.8586666986
"w_person[70]",0.5949513127925,0.594742695,0.0377628298370257,0.038778448233,0.535268162,0.6575278545,1.00032874332378,2835.8677541346,2543.09607297096
"w_person[71]",0.58286433241,0.582751,0.0374117322267854,0.036862454601,0.5210310605,0.645292341,1.00116396403786,3229.15915045213,2818.09342031005
"w_person[72]",0.539360181355,0.53806036,0.0380305718876151,0.038109350853,0.4794919305,0.602511737,1.00046483912852,3373.79650452102,2871.82597803861
"w_person[73]",0.5061680837125,0.506031915,0.036428086533383,0.036842157807,0.4475029445,0.5670512315,1.00074793351962,3244.6986077983,3156.86038151866
"w_person[74]",0.69546300322,0.696527135,0.0433586380436085,0.0429519746459999,0.6220474295,0.7644062695,1.0002490680714,2391.0382371662,2803.95585543611
"w_person[75]",0.637291469835,0.636620195,0.0377040191784187,0.037714163823,0.5758434265,0.699879944,1.00206443883353,2920.56732909974,2854.84449475232
"w_person[76]",0.5721385920625,0.57163723,0.037800567481198,0.038381815668,0.509033677,0.6349643735,1.00053167060899,2870.04288692544,2867.0876840471
"w_person[77]",0.54750544274,0.547725235,0.036986737277294,0.037269880494,0.4872909905,0.6080705905,0.999608145304612,2975.32407331583,2950.65070816234
"w_person[78]",0.48943212783,0.48951129,0.0363587478981542,0.036523636023,0.4309269475,0.549043734,1.00023082468081,3163.77379832201,2882.22518392189
"w_person[79]",0.48809257545,0.487321085,0.0349610405838336,0.034440479241,0.431380534,0.5468168985,0.9997939486068,3479.9222377243,3215.90634968934
"w_person[80]",0.5189526664575,0.51850919,0.0387520000973647,0.0398293670039999,0.4567319635,0.581657789,1.00077501773987,3834.0973154863,3465.42765006901
"w_person[81]",0.5636913809175,0.56376023,0.038663747398776,0.03892974015,0.5003057615,0.626605923,1.00108415871152,2834.19932018846,2971.76771231126
"w_person[82]",0.58896471146,0.58848311,0.0382310128490422,0.039317010096,0.5275710755,0.6522252725,1.00126029539044,3276.21509948242,2806.38260917695
"w_person[83]",0.5751560269525,0.575441935,0.0360265999504854,0.0357288364020001,0.515694815,0.634216134,1.00029000485608,2637.46954000528,2894.74650242026
"w_person[84]",0.538252997105,0.538839525,0.0366661539533604,0.036365220213,0.477111156,0.5973210945,1.00147227072933,2556.56932997714,3090.85432244241
"w_person[85]",0.50189340323,0.501597425,0.0359764928165247,0.035750208081,0.4450442345,0.562827219,1.00083649634163,3027.66260013746,3033.50408552352
"w_person[86]",0.54077712753,0.54054828,0.0349112553604342,0.0355695903359999,0.483974265,0.5990402595,1.00002797548029,2954.94535549124,2706.263818631
"w_person[87]",0.568612065105,0.569304895,0.0384911051524285,0.03951129,0.504773732,0.632011965,1.00073146106012,3124.09898905178,2982.36984235743
"w_person[88]",0.5773001762275,0.576692675,0.0371981931099546,0.037681005474,0.5172388425,0.6406647955,1.00052400823223,2939.67208162566,3026.66797529101
"w_person[89]",0.4899156338775,0.48967543,0.0348541884814746,0.035035898814,0.432649814,0.547941706,1.00205905083393,3168.99707696106,3133.46975416627
"w_person[90]",0.5799576201825,0.578850355,0.0420589975383251,0.041810839665,0.5118305145,0.6511280105,0.999988541696998,2783.80941793974,2981.26080841283
"w_person[91]",0.6089020857475,0.60834048,0.0373247468181809,0.038134658835,0.548513137,0.670800384,1.00078402477568,3078.42334723421,2820.51681260701
"w_person[92]",0.5912826170825,0.59167166,0.0424105821241715,0.0424332277320001,0.521923204,0.6599937095,1.00127387803108,2936.87043758945,2871.33478010292
"w_person[93]",0.46454892855,0.464343085,0.0335861024597084,0.033837483582,0.4103860395,0.520955539,0.999818179545847,3498.67158253733,3257.7927150986
"w_person[94]",0.5568074930975,0.55612195,0.0374820603486009,0.037245758592,0.495721097,0.6189673125,1.0008290307202,3066.44190340017,2775.54579434049
"w_person[95]",0.552347503525,0.55185884,0.0386466614398415,0.038226268689,0.4899343305,0.615923929,1.00021002375071,3088.58553974976,2754.55036872213
"w_person[96]",0.5685759933275,0.56735166,0.03629159890592,0.036654964731,0.5105847595,0.6284738075,1.00315480820029,3193.39794469636,2667.54914579121
"w_person[97]",0.65454756247,0.65405667,0.0376718613239098,0.0384798007020002,0.5927376485,0.7149718615,1.00162256172282,2774.23592893435,2918.33578007369
"w_person[98]",0.457275499865,0.4568335,0.0339237657147419,0.034619251149,0.402850485,0.513020473,1.00197358369624,3382.78554760517,2874.53859936975
"w_person[99]",0.5317726989525,0.531173995,0.0387636432431607,0.0387107304779998,0.468467074,0.5954564545,1.00151765147042,2913.05713449545,3035.996158041
"w_person[100]",0.5949159219475,0.595751405,0.0369793223488564,0.036938415612,0.5343764315,0.6557772665,0.999954849125011,3074.64983345101,2959.11587354714
