"rep","divergences","treedepth_hit","max_rhat","min_ess_bulk","min_ess_tail","converged"
1,0,0,1.00601220733397,1117.25392070658,1827.33702346862,TRUE
2,0,0,1.00765946631299,585.734271437938,1095.73473068907,TRUE
3,0,0,1.00585143476947,1179.52996453615,1927.8889505896,TRUE
4,0,0,1.00652590377697,627.808461208683,1186.97327253603,TRUE
5,0,0,1.00574329311201,966.416221893842,1642.26021905088,TRUE
6,0,0,1.00560670707516,684.846359298501,1388.80186538609,TRUE
7,0,0,1.00664265198727,1091.79886764014,1720.76900947306,TRUE
8,0,0,1.00462817236757,1064.86036521838,1578.81302028355,TRUE
9,0,0,1.00455211429234,877.416288191962,1311.17771529711,TRUE
10,0,0,1.0054561090815,1073.68005821525,1894.78508670863,TRUE
