"participant","cell","cell_label","nu_mean","nu_lo95","nu_hi95","alpha_mean","alpha_lo95","alpha_hi95"
1,1,"cong/post-corr",8.82613199501667,7.5463573415,10.2651615575,1.02193813732163,0.892382962295147,1.19717963515295
2,1,"cong/post-corr",6.953390563825,5.9056337275,7.9711366855,1.19555148118088,1.05664528539413,1.35147590982213
3,1,"cong/post-corr",7.379299306685,6.364532229,8.28043155195,0.952436971253126,0.842897789639352,1.09017926186858
4,1,"cong/post-corr",6.56603323510666,5.5807284075,7.70995077725,1.32268071710471,1.17566129526256,1.45819641419317
5,1,"cong/post-corr",8.20282565246167,7.0517603965,9.3087608795,1.03093811981577,0.931914176352935,1.16660943029835
6,1,"cong/post-corr",7.816804332706,6.8817175517,8.6005629965,1.05667942266073,0.954442944908402,1.19406747669204
7,1,"cong/post-corr",7.550367003185,6.7513771157,8.44460972725,1.06608035621604,0.942916618052088,1.22773257340951
8,1,"cong/post-corr",7.77231715856666,6.75505163425,8.7822577035,1.17382560472085,1.041221426637,1.31108772580698
9,1,"cong/post-corr",8.22465906050417,7.2798991235,9.27635796225,0.997876461539951,0.87548517120909,1.14333402572371
10,1,"cong/post-corr",7.0225156723125,6.11630584175,7.834848706775,1.10167157072449,0.973858278309201,1.21957341955842
11,1,"cong/post-corr",6.5923747763675,5.6958954525,7.360293656,1.28148395179252,1.12429594955589,1.45879417191237
12,1,"cong/post-corr",7.43203906172833,6.66717530145,8.169567386,1.17974458542092,1.04718507424747,1.34131225825411
13,1,"cong/post-corr",7.31961321015583,6.579172748125,8.10254941775,1.04549541881356,0.945757978278961,1.15041343759298
14,1,"cong/post-corr",6.97081979588,5.959099821,7.77602017675,1.23885654418451,1.12584343268712,1.36178668026469
15,1,"cong/post-corr",6.76139151823667,5.961686356375,7.447969837,1.13553575167108,0.989858989173147,1.25874763492452
16,1,"cong/post-corr",9.75611483116666,8.606629738,11.02656498025,0.806017297019014,0.692328603275805,0.931975554021792
17,1,"cong/post-corr",7.90132507477916,6.929643022,8.73041604725,0.986224459667444,0.876024330837117,1.12400167455891
18,1,"cong/post-corr",8.20821850962167,6.90669709394,9.31393595,0.992423114444388,0.867949538395802,1.11618003392395
19,1,"cong/post-corr",6.75849170775833,5.87029272825,7.5394984348,1.08860199868426,0.983603546506955,1.2236389221754
20,1,"cong/post-corr",8.53523464826392,7.4306320405,9.840912114,0.945799470173393,0.833983501431648,1.07343040561366
21,1,"cong/post-corr",5.78210184402225,5.07441322625,6.541138342375,1.12813265585303,1.01206820102349,1.25066331487194
22,1,"cong/post-corr",7.07111922561667,6.02734749175,8.11691087975,1.02785433334638,0.924241305323782,1.14388171110567
23,1,"cong/post-corr",7.12833445144417,6.280651902675,8.0878760665,1.24882640407746,1.08679107256364,1.39627752671748
24,1,"cong/post-corr",6.44428181866667,5.37994515125,7.309667050525,1.08916509519307,0.972177307294603,1.23467108215633
25,1,"cong/post-corr",7.52411221096583,6.49258351525,8.59006872125,1.10442018197215,0.977008919410685,1.24536449727677
26,1,"cong/post-corr",7.5688945118375,6.653576103875,8.42338887875,0.96684981484521,0.868080719891092,1.10442774193157
27,1,"cong/post-corr",4.22530299810458,3.576331617,4.90713576085,1.3143400831778,1.15877564635924,1.49019717148257
28,1,"cong/post-corr",8.528926824875,7.58929875675,9.49259216325,0.934274745522862,0.814182360211222,1.06120301191406
29,1,"cong/post-corr",8.018074101625,6.831076091525,9.09794546625,0.989372244612402,0.872627716179277,1.14174349063716
30,1,"cong/post-corr",8.12181140061667,7.19777417885,9.09165773725,0.968014661904015,0.837962999445924,1.09842570763724
31,1,"cong/post-corr",6.30102226041458,5.50212572725,6.96440824875,1.15585879984042,1.03607642192936,1.30805705246558
32,1,"cong/post-corr",6.2980439552425,5.51020706275,7.444695257575,1.28691433952101,1.14376535649742,1.46641141325368
33,1,"cong/post-corr",6.35296198721667,5.5703859945,7.03197709075,1.08424637116035,0.95882273089562,1.21621259140632
34,1,"cong/post-corr",5.22679394291,4.574708586575,6.04131681425,1.23159888020318,1.09830470751017,1.42566386724925
35,1,"cong/post-corr",9.52705171658333,8.047871001,11.04176356775,1.07167495717019,0.936358345183323,1.23342774869367
36,1,"cong/post-corr",6.381858882225,5.55567720725,7.10037110645,1.26078286178653,1.13995638032914,1.38807821629657
37,1,"cong/post-corr",6.16822051124833,5.3345193939,7.22372689625,1.15514508554884,1.03758173533941,1.28882495450529
38,1,"cong/post-corr",6.73187915572667,5.756871428375,7.491121459,1.1348907379589,1.0014498935867,1.29417350619657
39,1,"cong/post-corr",8.0216893265075,7.0000766086,8.92086284275,1.0225449041454,0.921412093947124,1.12873566987424
40,1,"cong/post-corr",7.9643823583675,6.96468051925,9.10958486275,0.984256329208287,0.868348173313787,1.11491227241122
41,1,"cong/post-corr",5.917168337275,5.087359663,6.593380377,1.37426127568679,1.22552157124688,1.55302320613549
42,1,"cong/post-corr",6.90604635174891,5.96030392975,7.8344735815,1.13860908038804,1.00274325112657,1.27350374643976
43,1,"cong/post-corr",6.86143463626583,5.773579629,7.8681504535,1.0456147624145,0.899320975714106,1.22159917522112
44,1,"cong/post-corr",6.1080158898275,5.190369852,6.85068087925,1.19405079473504,1.05733205737073,1.34059493815714
45,1,"cong/post-corr",8.16969918909167,7.213022521825,9.31714677725,0.98773565982838,0.881679215047017,1.08932025187558
46,1,"cong/post-corr",8.11466692695833,7.2452597335,9.07636506375,0.893311932134557,0.780675518616652,1.02443643771352
47,1,"cong/post-corr",6.763854151145,5.9192958375,7.87374495875,1.23575096035412,1.1181306514558,1.37798378938793
48,1,"cong/post-corr",7.3973502504625,6.3265232015,8.606070716,1.1786022191703,1.05988969239499,1.29863294868815
49,1,"cong/post-corr",6.06342787443083,5.182159351,6.989815805725,1.28907777637104,1.13636220033927,1.50602202113519
50,1,"cong/post-corr",8.41245097716667,7.31278329775,9.46262344575,0.932571929688826,0.835126665898659,1.02590324477397
51,1,"cong/post-corr",9.43347459142749,8.40234020825,10.81486113675,0.905031599367052,0.794386816651774,1.0380951085301
52,1,"cong/post-corr",6.13767908553917,5.04608385675,7.19075265975,1.27547238933614,1.14368126498854,1.42669971536343
53,1,"cong/post-corr",6.31800999719918,5.399899067725,7.16438976625,1.04658006734527,0.919078149623194,1.17797912720222
54,1,"cong/post-corr",4.64639778899917,3.943829813325,5.3557950395,1.27112180293056,1.15680234509111,1.42513083009535
55,1,"cong/post-corr",6.78729875940297,5.8442080535,7.7340719335,1.01540848929832,0.902149251817298,1.12986361681849
56,1,"cong/post-corr",7.22887500611817,6.322016209,8.16327137125,0.905788631812505,0.81927861022887,1.02411753153477
57,1,"cong/post-corr",9.09119214111417,7.926261800425,10.3186687075,0.852850701707714,0.735946724533146,0.982578381356819
58,1,"cong/post-corr",5.12085695558333,4.4420829355,5.94179156025,1.23597580749217,1.07987908449844,1.39955534130583
59,1,"cong/post-corr",7.96778609413916,6.933207386,9.095998426,1.03852367908751,0.907254719081166,1.16099181817878
60,1,"cong/post-corr",7.37077151169,6.4144327309,8.49032841725,1.20992053687701,1.0853493004258,1.33519013329622
61,1,"cong/post-corr",7.47914920553333,6.691022306,8.46693417525,1.16474920138342,1.06270945797513,1.29308126751122
62,1,"cong/post-corr",8.20712573640417,7.1523496885,9.05188836725,0.918046744086373,0.827031714599514,1.0384075130471
63,1,"cong/post-corr",7.965536205185,6.832478431025,9.0890176005,1.02386353667959,0.900701308745015,1.14030473171363
64,1,"cong/post-corr",5.43031213669184,4.53817230775,6.14626303825,1.05403462702926,0.937854545200178,1.19493858271383
65,1,"cong/post-corr",7.18161724350333,6.3122561625,8.19299382325,1.136565806213,1.03638704979035,1.24105800442604
66,1,"cong/post-corr",6.78320213741584,5.85344229395,7.70778870675,1.07713685662512,0.939912167602264,1.24439572036861
67,1,"cong/post-corr",6.06682226914167,5.11701277425,6.92125345075,1.10838573514329,0.97358201419789,1.27624593206042
1,2,"cong/post-err",5.38422263165,4.18262787875,6.62070331245,1.12779042457886,0.973854864107832,1.30762988418647
2,2,"cong/post-err",6.11326933750833,5.16891765725,7.11460950575,1.31961176271963,1.15905770755814,1.50135875941227
3,2,"cong/post-err",6.71768955998167,5.660120886,7.8922373895,1.05109573733962,0.922303616806715,1.21238267098008
4,2,"cong/post-err",6.22644387522667,5.22750308925,7.288984704,1.46002938304582,1.29625493828208,1.65208606818975
5,2,"cong/post-err",7.217164759205,6.153482553075,8.3150200065,1.13805362894683,0.998828161543441,1.28653588277652
6,2,"cong/post-err",6.16609362562733,5.0233203315,7.466828388842,1.16623955441708,1.03777377298135,1.31108242785598
7,2,"cong/post-err",6.15009740848167,5.08841991675,7.2542282995725,1.17651851136826,1.02191723141748,1.34705474932042
8,2,"cong/post-err",5.0687126181,4.0326700695,6.49773693765,1.29585050972785,1.15043286622227,1.47359422977018
9,2,"cong/post-err",6.65350175949584,5.65115361425,7.74068309625,1.10136013558957,0.967117216500064,1.25637635378582
10,2,"cong/post-err",7.02667168935417,6.173260956,8.021910647175,1.21609107498913,1.07883483078192,1.35603052215296
11,2,"cong/post-err",5.7892932606325,4.6503803975,6.8598022469,1.41454963582376,1.23519479409635,1.59624255259289
12,2,"cong/post-err",4.958504630105,3.63620085375,6.3190012976,1.30221817953859,1.15359687216473,1.47332768550811
13,2,"cong/post-err",5.81039368251083,4.657966898,7.0196396412,1.15405794288396,1.03394738827353,1.28338764699446
14,2,"cong/post-err",5.56182882778667,4.56797331025,6.52971880435,1.3673807485549,1.22261318988992,1.50711780146302
15,2,"cong/post-err",5.42611379143,4.22356397275,6.731950542175,1.25333837973022,1.09018465363296,1.39627211378964
16,2,"cong/post-err",6.5462881955,4.769066677,8.03122906515,0.889866127321354,0.761737641916458,1.05247998818494
17,2,"cong/post-err",6.9926665068875,5.812743315,8.19168250475,1.08853808783462,0.966296641901173,1.22181677567823
18,2,"cong/post-err",5.77361042871167,4.65452759325,7.00864932295,1.09490950552991,0.962802514195119,1.24909199996674
19,2,"cong/post-err",6.70155206790834,5.289079133,7.6991148558,1.20136533188604,1.08715516949801,1.33690387238726
20,2,"cong/post-err",5.83958244340275,4.63457922425,7.3804603605,1.04409925600232,0.913636995873523,1.19178531986378
21,2,"cong/post-err",6.18869219547775,5.111927386925,7.5595524395,1.24553722276109,1.09311613228977,1.39580007826732
22,2,"cong/post-err",6.95645884438333,5.86697982725,7.96589656075,1.13442568343318,1.02630709798595,1.27808151343284
23,2,"cong/post-err",5.86564244788916,4.825937153,6.894261970825,1.37834541779345,1.21163420938909,1.59329065786383
24,2,"cong/post-err",6.65958621633334,5.605096331425,7.74049282025,1.20199664920263,1.07109240831234,1.36053829735567
25,2,"cong/post-err",5.69466257570083,4.79974680825,6.6658322211,1.21884621417418,1.07272095370045,1.38623834051843
26,2,"cong/post-err",6.2090041631625,5.08916285975,7.35227953575,1.06699368022441,0.952583496998234,1.19955532657191
27,2,"cong/post-err",4.82904930625458,3.726375974,5.93879027025,1.45094787828763,1.26089577278389,1.63766654795364
28,2,"cong/post-err",5.92438967845833,4.65893801225,7.010594080775,1.03127532097333,0.901108722720595,1.19498071164882
29,2,"cong/post-err",5.21189953504167,4.170104092,6.4174270915,1.09185530217252,0.958045539317537,1.24974298182503
30,2,"cong/post-err",5.77242367271667,4.82363768875,6.771490047925,1.0686808597677,0.92634220792221,1.22941733557797
31,2,"cong/post-err",5.99444447641875,4.95064988425,7.092997140025,1.27587347619855,1.12821673978669,1.47377932376859
32,2,"cong/post-err",5.96644066359083,4.9631166776,7.211629050725,1.42069449357573,1.26389411373807,1.6165426316773
33,2,"cong/post-err",6.17159109095,5.04359352975,7.3744275225,1.19700747046002,1.02715718425063,1.38299381598654
34,2,"cong/post-err",5.36831907635667,4.512908024825,6.28238796125,1.35941255382196,1.2092579057212,1.55791997110174
35,2,"cong/post-err",7.30708461175,6.2691453055,8.191716717925,1.18290646482838,1.02018850282936,1.36197201254265
36,2,"cong/post-err",5.909860392275,4.84506726525,6.929680458725,1.39171475817335,1.2409810306028,1.54209892575521
37,2,"cong/post-err",6.86361312375167,5.82691844725,8.068904467,1.27520911343763,1.1351102548662,1.4436236107933
38,2,"cong/post-err",5.83097422777333,4.8367715165,6.950949787,1.25252843717054,1.10261808738079,1.45360236913652
39,2,"cong/post-err",6.32397366182583,5.1181233345,7.37988654005,1.12851724140178,1.02670134016014,1.26952450972365
40,2,"cong/post-err",6.82488962329917,5.47342107025,8.1038642575,1.08632073011576,0.958357647788723,1.26199997982641
41,2,"cong/post-err",6.25076297505833,5.2561667069,7.537006307,1.51695719862513,1.33089083301216,1.70765681426671
42,2,"cong/post-err",5.95082399358442,4.682982102375,7.101818998075,1.25658184866847,1.12056712367539,1.4084213806144
43,2,"cong/post-err",5.57791494823417,4.4352506515,7.0614271975,1.15404794373928,1.0013271981352,1.33156007751317
44,2,"cong/post-err",6.3639802726725,5.34561920075,7.35771894425,1.31807481798157,1.17850355946819,1.49746036200173
45,2,"cong/post-err",6.06848843590833,4.9791492755,7.466289046175,1.09023818072361,0.971187710577791,1.21235515847384
46,2,"cong/post-err",5.43149045304167,4.08637755275,6.6548321925,0.985990858595965,0.871718623975819,1.11765242826842
47,2,"cong/post-err",6.45323142518833,5.270833293,7.710687448,1.36410945339871,1.20301665638309,1.54073491024375
48,2,"cong/post-err",6.4524073745375,5.2433378715,7.652815639375,1.30084691637633,1.14181641087541,1.43188686365015
49,2,"cong/post-err",6.27527248623583,5.28425675695,7.45504270425,1.42300696062939,1.2483817068045,1.70276675176151
50,2,"cong/post-err",6.16434815783333,5.17614995275,7.2024518665,1.0294652301104,0.917803645151837,1.1529801342252
51,2,"cong/post-err",9.44288214690583,7.62908809735,11.21044279075,0.99895494357522,0.880041600752645,1.15233239331786
52,2,"cong/post-err",7.10767534779417,5.965499754075,8.37541545425,1.40725935984075,1.25253071792274,1.57293250339941
53,2,"cong/post-err",5.22649516580082,4.32961089675,6.214290911,1.15542635381024,1.00509375811827,1.31340308424312
54,2,"cong/post-err",5.56703223521583,4.725796754195,6.656122776,1.40293211322761,1.27211014372567,1.57445919591759
55,2,"cong/post-err",6.89731846059703,5.879790537425,8.417456814975,1.12060376066192,0.98338961511335,1.25192272889259
56,2,"cong/post-err",6.94645158388183,5.61571498375,7.942026004,0.999751510346158,0.899580597293609,1.12930185479987
57,2,"cong/post-err",6.35943586721917,4.76178565425,7.91293560635,0.941418491222533,0.809329157157784,1.08255844900294
58,2,"cong/post-err",6.52135439358333,5.41669405075,7.774519627375,1.36395822990614,1.20845570966635,1.5467754668547
59,2,"cong/post-err",8.6560870525275,7.28176220325,9.97821759975,1.1460071669389,0.997180504001909,1.28295821243965
60,2,"cong/post-err",6.02078006664334,5.005899593425,7.001117641,1.33555426480357,1.19101944402376,1.50065341465075
61,2,"cong/post-err",5.46779033863334,4.38654434375,6.826087334325,1.28575085602534,1.15162087797163,1.44246604727585
62,2,"cong/post-err",6.5038203902625,5.35454261675,7.64576591625,1.01343196082679,0.885120371429059,1.15415208580633
63,2,"cong/post-err",5.96461567314833,5.018843606,7.14387110925,1.13013644183549,0.994723664310015,1.26322618235007
64,2,"cong/post-err",6.85673955697484,5.48844636175,7.85603183525,1.16356696751673,1.00726152909379,1.33119337843241
65,2,"cong/post-err",6.02471984649667,4.9916356975,7.108761613875,1.25440875389024,1.13777151707875,1.36773488248892
66,2,"cong/post-err",5.7328161609175,4.675748394,7.064245791225,1.18895892438923,1.03801049102543,1.38511719565305
67,2,"cong/post-err",6.539540769525,5.5880681145,7.63019854525,1.22312540975678,1.07974226792344,1.41783691469235
1,3,"incong/post-corr",2.96215253631667,1.96373443825,3.933313165,1.03318099896044,0.907001204454732,1.18298375588226
2,3,"incong/post-corr",2.30040684019167,1.37858983125,3.15629845425,1.20858536726568,1.07956119528029,1.35385147142496
3,3,"incong/post-corr",1.407095901185,0.16341798825,2.63712147425,0.962970985657686,0.847397742777006,1.09458193338732
4,3,"incong/post-corr",2.30980774324,1.338534859175,3.19511657975,1.33716020379647,1.18521365369496,1.48405916184825
5,3,"incong/post-corr",0.724234467795,-0.46816738025,1.681985889,1.04238486669131,0.930540067840808,1.16830687141634
6,3,"incong/post-corr",2.252951890434,1.5239050035,3.03277265565,1.06832993109592,0.949932033372707,1.18039042067701
7,3,"incong/post-corr",2.40163519197833,1.62918030475,3.15148514009,1.07784325734727,0.955470852501765,1.22256879735825
8,3,"incong/post-corr",3.37957146773333,2.234900685075,4.187090773,1.18673551672472,1.05454431906514,1.32533589327421
9,3,"incong/post-corr",1.29987619100417,0.0775219309999999,2.422785779,1.00902305067721,0.877003985517841,1.13824407357705
10,3,"incong/post-corr",1.36172718367917,0.5114583925,2.2032040066,1.11403609373795,0.979906286186298,1.25141129406153
11,3,"incong/post-corr",2.81515297800083,2.16535246225,3.570223631,1.2955704407569,1.12770624778986,1.47396031288433
12,3,"incong/post-corr",3.45786890777166,2.72010489875,4.3797341595,1.19274843410312,1.06253800868757,1.34990648986379
13,3,"incong/post-corr",2.47825704917583,1.7622833972,3.3659436785,1.05690516542421,0.946529759649762,1.16033331106142
14,3,"incong/post-corr",2.81348872964667,1.88019754975,3.626263709025,1.25247375209879,1.14482911295483,1.39216496313666
15,3,"incong/post-corr",3.10434366943834,2.028527007,4.09019165725,1.14813631859093,1.02375047220327,1.27567784727474
16,3,"incong/post-corr",1.77238624093333,0.349336213600001,3.10495941,0.814956756177398,0.693936738768981,0.941486568453264
17,3,"incong/post-corr",1.1221694714125,0.23686547825,2.11705484875,0.997244150706261,0.902444792570666,1.13681199665639
18,3,"incong/post-corr",2.67843418705167,1.86653760575,3.3828354515,1.00331492106452,0.862191911172714,1.13164114586786
19,3,"incong/post-corr",1.747411445075,0.83864445725,2.83803604185,1.10059686305082,0.998008081059548,1.22878441470133
20,3,"incong/post-corr",2.88359393500775,1.7775553278925,3.72176012275,0.956351600850256,0.847379390058787,1.0929217908246
21,3,"incong/post-corr",2.37490832394442,1.36039145475,3.216051195475,1.14068258106429,1.02633130411794,1.2640644349842
22,3,"incong/post-corr",1.60396037606667,0.68352731875,2.55139108,1.03921358017256,0.929622538747819,1.14876688060145
23,3,"incong/post-corr",2.72259134998917,1.87214280325,3.5492411465,1.2626435426183,1.10933796268933,1.43355475970237
24,3,"incong/post-corr",1.88859531641667,1.05126438875,2.8373827895,1.10123640643193,0.994375322137161,1.23645751342451
25,3,"incong/post-corr",2.64927407789917,1.815477207875,3.518182742,1.11666052539813,0.993940304571307,1.26306432987661
26,3,"incong/post-corr",2.2243443104575,1.32068828175,3.11400292225,0.977609780709477,0.867830068756159,1.10628644839464
27,3,"incong/post-corr",3.60504776559542,2.718088226525,4.45166192775,1.32882662280709,1.15462580145682,1.49497579916672
28,3,"incong/post-corr",2.41579732289166,1.44598580525,3.55192225,0.944529515724593,0.842310878028778,1.08584184868994
29,3,"incong/post-corr",3.09453622980833,2.197627187,3.890997487,1.00028087704132,0.889598084088299,1.15614997801043
30,3,"incong/post-corr",2.71539155938333,1.83550689025,3.47078577775,0.978456869571454,0.860651357128893,1.10085926794182
31,3,"incong/post-corr",2.50178303946458,1.73081650675,3.192077404,1.16851276224782,1.04192907116946,1.30971946433498
32,3,"incong/post-corr",2.51691597030917,1.72051311175,3.31737236725,1.30090373769476,1.14586000545653,1.45851005655561
33,3,"incong/post-corr",1.97431675391667,1.001891852,2.9829611685,1.09618599364748,0.967979898412778,1.24081107345568
34,3,"incong/post-corr",3.20914846305667,2.5361209815,4.011455303275,1.24514042265951,1.12080166710337,1.42945462560597
35,3,"incong/post-corr",0.87167008215,-0.326851378,1.92840404775,1.08332059804623,0.934448339250525,1.22705607405373
36,3,"incong/post-corr",2.685997640125,1.78699285125,3.52978766725,1.2748898780141,1.15092334208057,1.41936035608575
37,3,"incong/post-corr",1.733784799165,0.85367933425,2.761599624,1.16779284436702,1.04732066057272,1.31274191052491
38,3,"incong/post-corr",2.76580866708833,1.9225678916,3.5833041935,1.14721690802733,1.00775706478203,1.29259287451519
39,3,"incong/post-corr",1.97336020192417,1.27808037075,2.80303715125,1.03388303797814,0.912059001569989,1.14664498520669
40,3,"incong/post-corr",1.5963831722175,0.525687092275,2.586807692,0.995164782230684,0.882579974517525,1.12288632891019
41,3,"incong/post-corr",2.05384774430833,1.087352093,3.03814360525,1.38915766919921,1.21986387024381,1.53629690845464
42,3,"incong/post-corr",2.41274019983558,1.53995209975,3.4532601554,1.15103824205787,1.02540438541565,1.29238993377577
43,3,"incong/post-corr",2.76524665275417,1.77624304575,3.71105580725,1.05735503473244,0.91492762213277,1.24011643062598
44,3,"incong/post-corr",1.9351187096025,0.84740605725,2.877884536,1.20727245083162,1.06787764697106,1.36737428666511
45,3,"incong/post-corr",2.56514097850833,1.600210340325,3.414548249675,0.998709444971933,0.889194818098187,1.11300423631352
46,3,"incong/post-corr",3.00491859714166,1.919062231,4.07217978125,0.903164086498169,0.78715820336331,1.03904037793717
47,3,"incong/post-corr",1.99298881014,1.17431148025,2.855036969,1.24935077906899,1.12852124613323,1.37742183891048
48,3,"incong/post-corr",1.90678918317083,0.9729108364125,2.91289177025,1.19156493354147,1.04755329865389,1.31361701454456
49,3,"incong/post-corr",2.2640568972475,1.48373477625,2.9395867046,1.30297942836601,1.14548021670488,1.51675225712654
50,3,"incong/post-corr",2.03427907483333,1.22027862,2.963626249,0.942853030591021,0.832774561899721,1.05194358440987
51,3,"incong/post-corr",-1.4075651107225,-3.09689256725,0.370200453674999,0.915052426173096,0.790522613032754,1.03924852945723
52,3,"incong/post-corr",1.3877212892275,0.54047007975,2.246679141,1.28941582210178,1.16297932572339,1.47975950729024
53,3,"incong/post-corr",3.27800888398835,2.54081699075,4.0241688285,1.05817929471402,0.926986831155719,1.18753142904333
54,3,"incong/post-corr",3.04736066843417,2.06822658175,3.8546905816,1.28513313421188,1.17654363759209,1.43803202694727
55,3,"incong/post-corr",1.8353491622313,0.77699480925,2.738528093225,1.02667483117324,0.886840929605507,1.164498626276
56,3,"incong/post-corr",1.57238855371167,0.69629862175,2.430137902575,0.915824666729746,0.820368351848391,1.03349800750108
57,3,"incong/post-corr",2.09984005121917,0.84112034025,3.321683024,0.862192465798214,0.741145207283173,0.992695340850548
58,3,"incong/post-corr",2.24923953725,1.35843255875,3.22848946925,1.24974443388861,1.11188520525589,1.4383788910437
59,3,"incong/post-corr",-0.370856362365833,-1.69787632875,0.955165019775,1.04984630492735,0.91728796298901,1.1834769671163
60,3,"incong/post-corr",2.24987185567333,1.30821349525,3.0519151495,1.22322958829537,1.09245345335013,1.35795645555464
61,3,"incong/post-corr",3.06361336928333,2.141974213,3.838159989,1.17764734119107,1.07009275329218,1.300285487083
62,3,"incong/post-corr",1.83315469699917,0.658717226425,2.82117578325,0.92814094025117,0.841402965420949,1.04218394754309
63,3,"incong/post-corr",2.47517637784833,1.68937764625,3.44113495075,1.03526536076276,0.912215397182323,1.16025808036116
64,3,"incong/post-corr",1.66629241202483,0.7133620775,2.70424527525,1.06574205672296,0.929433781316834,1.20950808460767
65,3,"incong/post-corr",2.52056358894,1.671277393725,3.42156606825,1.14912837865493,1.04351502332407,1.25581037594768
66,3,"incong/post-corr",2.93222697364917,2.08209382475,3.71712161475,1.08922655001285,0.945100315910811,1.26186203094006
67,3,"incong/post-corr",2.04248310305833,1.181681165,2.948757195,1.12071529106149,0.964750257191135,1.29899314269009
1,4,"incong/post-err",1.26164532368333,0.0269683632500004,2.47256572725,1.14021097942966,1.00371901998258,1.29234634235149
2,4,"incong/post-err",3.06708574514167,1.921100769725,4.1496653885,1.33400741090843,1.18532293492718,1.51489985688457
3,4,"incong/post-err",2.930067718815,1.897238169125,3.96013245925,1.0627336869935,0.934398695941254,1.22968936279636
4,4,"incong/post-err",3.33186763309334,2.4666619818,4.388335933,1.47602704604533,1.2935505565251,1.64655596784374
5,4,"incong/post-err",2.289927607205,0.93711532725,3.8639248225,1.15069984489257,1.00418373859032,1.29344877517118
6,4,"incong/post-err",2.19830263789933,1.2141968305,3.870842430525,1.17911597614172,1.04342092581981,1.33894838763217
7,4,"incong/post-err",2.33205288302167,1.213113972775,3.24447400675,1.18951042075344,1.03629652889871,1.37349674178598
8,4,"incong/post-err",2.21355124226667,1.06553367225,3.38432714825,1.3101156125317,1.14900380748911,1.49481575235276
9,4,"incong/post-err",2.2561154756625,1.07067473975,3.585196517,1.11367592691315,0.98544867567108,1.26800538164041
10,4,"incong/post-err",3.02323794132083,2.22861406375,4.16215172925,1.22975798676853,1.08406282518551,1.37558415636068
11,4,"incong/post-err",3.23733147166583,2.132157871875,4.258202763425,1.43011594766812,1.23018219969909,1.61619204833913
12,4,"incong/post-err",2.58573988706167,1.519769265,3.7459025685,1.31658610842984,1.16113428397802,1.5008174462776
13,4,"incong/post-err",2.82588854482417,1.94854094175,3.970323008,1.1666588127175,1.04247252959578,1.29849542682071
14,4,"incong/post-err",3.08801513335333,1.940906021,4.14917033525,1.38242042147888,1.22945169543162,1.53256648879208
15,4,"incong/post-err",3.14230350756167,2.16671641825,4.33858017045,1.26725850282842,1.10788798048048,1.41905482159907
16,4,"incong/post-err",0.359363219066667,-1.0339449875,2.05010758,0.89974598227985,0.75340458343674,1.0729406514346
17,4,"incong/post-err",2.4179914335875,1.4150172685,3.50152716375,1.10071568733653,0.994671340031516,1.2490278864836
18,4,"incong/post-err",1.77388936128167,0.470987093,3.3490940711,1.10693811352677,0.979218679820616,1.23295384588187
19,4,"incong/post-err",3.226697265925,2.27104431725,4.241771073775,1.21461506185999,1.10128859540937,1.33071059825894
20,4,"incong/post-err",1.17574145999225,-0.24241517275,2.3252790801075,1.05576422220824,0.921428656757427,1.21627807892619
21,4,"incong/post-err",4.08845012322225,3.093823840125,5.01795374475,1.25940601651188,1.09964740384087,1.43132667499818
22,4,"incong/post-err",2.8026140406,1.515714471725,4.11708310075,1.14696751007757,1.02832378158998,1.26607517402735
23,4,"incong/post-err",2.71758423734417,1.40824215525,3.8622525955,1.39361483875456,1.22705277244729,1.62210292448204
24,4,"incong/post-err",3.44168913525,2.426145812775,4.748082429,1.21533064458338,1.08853940889952,1.36769349067421
25,4,"incong/post-err",2.56610362210083,1.335275439,3.6726433435,1.23237073917809,1.09201138186445,1.39280402722559
26,4,"incong/post-err",2.43190950120917,1.5068107062,3.28957717975,1.07887649993278,0.950006898496761,1.20904562314982
27,4,"incong/post-err",5.77475241671208,4.75640033725,6.79961222075,1.46695295340493,1.26856437391939,1.65619844947963
28,4,"incong/post-err",1.56503866044167,0.591244369675,2.86104116925,1.04260512916512,0.920571326209991,1.19127231365415
29,4,"incong/post-err",2.10964262019167,0.9070442095,3.210219011,1.10390695820933,0.969824849020281,1.2531734608676
30,4,"incong/post-err",1.82452585395,0.781230471,2.73848170375,1.08021704544086,0.925240505092164,1.22100886150912
31,4,"incong/post-err",3.63690271036875,2.632828100675,4.5988870845,1.28985316689374,1.13624124927958,1.51363670210562
32,4,"incong/post-err",3.65275189752417,2.361111829175,5.00468547375,1.43615121337947,1.28023383597112,1.6397830788892
33,4,"incong/post-err",3.93528265458333,2.874580188,5.29678137775,1.2101998391091,1.05096288630208,1.40585541480985
34,4,"incong/post-err",4.62989100434333,3.5993512649525,5.64887683505,1.37437555490149,1.22928180816376,1.59461180736035
35,4,"incong/post-err",0.728346076183333,-0.90173208975,2.396166995525,1.19577851214226,1.03268095308499,1.35046442678407
36,4,"incong/post-err",3.45643557204167,2.39050707415,4.49782585175,1.40730369869547,1.26816011889593,1.5854626301807
37,4,"incong/post-err",3.66853405250167,2.6994416493,4.7999040985,1.28918925663271,1.14501673471914,1.46486613590115
38,4,"incong/post-err",3.10549043607833,1.9994161214325,4.290494075,1.26614208075088,1.10423699201569,1.4563236076025
39,4,"incong/post-err",2.11512929640917,1.0434143085,3.27000984825,1.14104221038122,1.01458661497567,1.27971493043096
40,4,"incong/post-err",2.0484973327825,0.928787764,3.30760491325,1.09837240018343,0.970941605262368,1.28278400531609
41,4,"incong/post-err",4.212373430025,3.273925580325,5.2607494985,1.53342154666389,1.34384867593936,1.70706166257467
42,4,"incong/post-err",3.16454194149775,1.9107515995,4.59273151525,1.27030582156179,1.1242970994355,1.41740022384237
43,4,"incong/post-err",3.2295562494125,2.00578907975,4.309634828775,1.16702019459872,1.01429121346122,1.35734279028498
44,4,"incong/post-err",4.02703761456417,2.95876815029,5.42988701725,1.33268755517029,1.17460169595541,1.52226785599201
45,4,"incong/post-err",1.63082388315833,0.242892194,2.69191222325,1.10236321705072,0.97299533799365,1.23917988618786
46,4,"incong/post-err",1.883076509525,0.56292651025,3.0584869995,0.996873616918039,0.873294887105504,1.14162088559166
47,4,"incong/post-err",3.22407810019333,2.1711868395,4.11220379675,1.37913869241556,1.22464491447588,1.55359875171082
48,4,"incong/post-err",2.67760567849583,1.362920962,3.90973644275,1.31517320827011,1.17220432940397,1.4612341436083
49,4,"incong/post-err",3.8313952287525,2.6829773105,4.85393538225,1.43836479808334,1.26407640114289,1.66794614174012
50,4,"incong/post-err",1.82307427683333,0.8278468545,2.894125320575,1.04082903245234,0.933439972688016,1.1948297078944
51,4,"incong/post-err",0.965360859055833,-0.3656277425,2.09148129575,1.01002990850043,0.870366326575248,1.15700175278368
52,4,"incong/post-err",3.80107676410583,2.607717025,5.07570788375,1.42265930651101,1.29163406078434,1.6250623584319
53,4,"incong/post-err",3.61163843967832,2.55863975825,4.69903852125,1.16824897391893,1.02139078526219,1.32739573322044
54,4,"incong/post-err",5.1733617940175,4.176908649975,6.11314984825,1.4184052301542,1.27433341153283,1.57461072430964
55,4,"incong/post-err",2.91418610443537,1.49246372825,4.4427348465,1.13305582750332,0.989970518164464,1.30091061580276
56,4,"incong/post-err",2.686437342955,1.7320173375,3.80484425025,1.01084415770447,0.904682959021061,1.14766605290322
57,4,"incong/post-err",0.883684427114167,-0.36522758875,2.08290550225,0.951737429797791,0.825667019115532,1.10309066316174
58,4,"incong/post-err",4.54270160025,3.531821369675,5.4614989315,1.37916917524801,1.21570463413003,1.566244499817
59,4,"incong/post-err",2.18113570236583,0.97895862634,3.59880199075,1.15851223394981,1.00076578621857,1.30639412237026
60,4,"incong/post-err",2.79272905266,1.57385981325,4.057334395425,1.35026077825233,1.19908657619839,1.52782499420572
61,4,"incong/post-err",2.42359957321667,1.1912258095,3.83834592585,1.30000180749994,1.16432775879712,1.48953720161405
62,4,"incong/post-err",1.89005166300083,0.87114438225,3.17006910765,1.02458794326517,0.90428462926141,1.17741080438621
63,4,"incong/post-err",2.028824230485,0.8035802775,3.3526602605,1.14273163017346,1.00164971739166,1.28335340871792
64,4,"incong/post-err",4.48080838097517,3.2848982507,5.6095753335,1.17650281145137,1.03557800941537,1.33470557740467
65,4,"incong/post-err",2.70725180772667,1.514815710925,3.707906788585,1.2682873899759,1.15413945521928,1.3800955714907
66,4,"incong/post-err",2.98590721468417,1.865425935025,4.14908006275,1.20231101571393,1.03542026646494,1.39721117019958
67,4,"incong/post-err",3.78530634494167,2.552034155925,5.0953009395,1.23673916751738,1.07174009022016,1.42063447128513
